id,label,freq,threshold,tp,fn,fp,precision,recall,f1
0,AnnualCrop,0.11,0.0,304,0,2396,0.11259259259259259,1.0,0.20239680426098536
0,AnnualCrop,0.11,0.009999999776482582,302,2,194,0.6088709677419355,0.993421052631579,0.755
0,AnnualCrop,0.11,0.019999999552965164,301,3,125,0.7065727699530516,0.9901315789473685,0.8246575342465754
0,AnnualCrop,0.11,0.029999999329447746,301,3,98,0.7543859649122807,0.9901315789473685,0.8563300142247511
0,AnnualCrop,0.11,0.03999999910593033,301,3,81,0.7879581151832461,0.9901315789473685,0.8775510204081632
0,AnnualCrop,0.11,0.05000000074505806,300,4,73,0.8042895442359249,0.9868421052631579,0.8862629246676514
0,AnnualCrop,0.11,0.05999999865889549,300,4,70,0.8108108108108109,0.9868421052631579,0.8902077151335311
0,AnnualCrop,0.11,0.07000000029802322,299,5,68,0.8147138964577657,0.9835526315789473,0.8912071535022354
0,AnnualCrop,0.11,0.07999999821186066,299,5,63,0.8259668508287292,0.9835526315789473,0.8978978978978979
0,AnnualCrop,0.11,0.09000000357627869,297,7,57,0.8389830508474576,0.9769736842105263,0.9027355623100304
0,AnnualCrop,0.11,0.10000000149011612,297,7,54,0.8461538461538461,0.9769736842105263,0.9068702290076336
0,AnnualCrop,0.11,0.10999999940395355,297,7,50,0.8559077809798271,0.9769736842105263,0.9124423963133641
0,AnnualCrop,0.11,0.11999999731779099,296,8,43,0.8731563421828908,0.9736842105263158,0.9206842923794712
0,AnnualCrop,0.11,0.12999999523162842,296,8,42,0.8757396449704142,0.9736842105263158,0.9221183800623053
0,AnnualCrop,0.11,0.14000000059604645,296,8,41,0.8783382789317508,0.9736842105263158,0.9235569422776911
0,AnnualCrop,0.11,0.15000000596046448,296,8,41,0.8783382789317508,0.9736842105263158,0.9235569422776911
0,AnnualCrop,0.11,0.1599999964237213,296,8,41,0.8783382789317508,0.9736842105263158,0.9235569422776911
0,AnnualCrop,0.11,0.17000000178813934,296,8,39,0.8835820895522388,0.9736842105263158,0.9264475743348983
0,AnnualCrop,0.11,0.18000000715255737,295,9,38,0.8858858858858859,0.9703947368421053,0.9262166405023547
0,AnnualCrop,0.11,0.1899999976158142,295,9,36,0.8912386706948641,0.9703947368421053,0.9291338582677166
0,AnnualCrop,0.11,0.20000000298023224,295,9,35,0.8939393939393939,0.9703947368421053,0.9305993690851735
0,AnnualCrop,0.11,0.20999999344348907,295,9,35,0.8939393939393939,0.9703947368421053,0.9305993690851735
0,AnnualCrop,0.11,0.2199999988079071,295,9,33,0.899390243902439,0.9703947368421053,0.9335443037974683
0,AnnualCrop,0.11,0.23000000417232513,295,9,32,0.9021406727828746,0.9703947368421053,0.9350237717908082
0,AnnualCrop,0.11,0.23999999463558197,295,9,31,0.9049079754601227,0.9703947368421053,0.9365079365079365
0,AnnualCrop,0.11,0.25,295,9,30,0.9076923076923077,0.9703947368421053,0.9379968203497615
0,AnnualCrop,0.11,0.25999999046325684,295,9,30,0.9076923076923077,0.9703947368421053,0.9379968203497615
0,AnnualCrop,0.11,0.27000001072883606,295,9,30,0.9076923076923077,0.9703947368421053,0.9379968203497615
0,AnnualCrop,0.11,0.2800000011920929,295,9,28,0.913312693498452,0.9703947368421053,0.9409888357256778
0,AnnualCrop,0.11,0.28999999165534973,295,9,28,0.913312693498452,0.9703947368421053,0.9409888357256778
0,AnnualCrop,0.11,0.30000001192092896,295,9,28,0.913312693498452,0.9703947368421053,0.9409888357256778
0,AnnualCrop,0.11,0.3100000023841858,295,9,27,0.9161490683229814,0.9703947368421053,0.9424920127795527
0,AnnualCrop,0.11,0.3199999928474426,294,10,27,0.9158878504672897,0.9671052631578947,0.9408
0,AnnualCrop,0.11,0.33000001311302185,294,10,26,0.91875,0.9671052631578947,0.9423076923076923
0,AnnualCrop,0.11,0.3400000035762787,294,10,25,0.9216300940438872,0.9671052631578947,0.9438202247191011
0,AnnualCrop,0.11,0.3499999940395355,293,11,24,0.9242902208201893,0.9638157894736842,0.9436392914653784
0,AnnualCrop,0.11,0.36000001430511475,293,11,22,0.9301587301587302,0.9638157894736842,0.9466882067851373
0,AnnualCrop,0.11,0.3700000047683716,293,11,22,0.9301587301587302,0.9638157894736842,0.9466882067851373
0,AnnualCrop,0.11,0.3799999952316284,293,11,21,0.9331210191082803,0.9638157894736842,0.948220064724919
0,AnnualCrop,0.11,0.38999998569488525,293,11,21,0.9331210191082803,0.9638157894736842,0.948220064724919
0,AnnualCrop,0.11,0.4000000059604645,292,12,20,0.9358974358974359,0.9605263157894737,0.948051948051948
0,AnnualCrop,0.11,0.4099999964237213,292,12,20,0.9358974358974359,0.9605263157894737,0.948051948051948
0,AnnualCrop,0.11,0.41999998688697815,292,12,19,0.9389067524115756,0.9605263157894737,0.9495934959349593
0,AnnualCrop,0.11,0.4300000071525574,292,12,18,0.9419354838709677,0.9605263157894737,0.9511400651465798
0,AnnualCrop,0.11,0.4399999976158142,291,13,17,0.9448051948051948,0.9572368421052632,0.9509803921568627
0,AnnualCrop,0.11,0.44999998807907104,291,13,17,0.9448051948051948,0.9572368421052632,0.9509803921568627
0,AnnualCrop,0.11,0.46000000834465027,291,13,17,0.9448051948051948,0.9572368421052632,0.9509803921568627
0,AnnualCrop,0.11,0.4699999988079071,290,14,17,0.9446254071661238,0.9539473684210527,0.9492635024549918
0,AnnualCrop,0.11,0.47999998927116394,290,14,16,0.9477124183006536,0.9539473684210527,0.9508196721311475
0,AnnualCrop,0.11,0.49000000953674316,289,15,16,0.9475409836065574,0.9506578947368421,0.9490968801313628
0,AnnualCrop,0.11,0.5,289,15,16,0.9475409836065574,0.9506578947368421,0.9490968801313628
0,AnnualCrop,0.11,0.5099999904632568,288,16,16,0.9473684210526315,0.9473684210526315,0.9473684210526315
0,AnnualCrop,0.11,0.5199999809265137,287,17,15,0.9503311258278145,0.944078947368421,0.9471947194719472
0,AnnualCrop,0.11,0.5299999713897705,287,17,15,0.9503311258278145,0.944078947368421,0.9471947194719472
0,AnnualCrop,0.11,0.5400000214576721,287,17,15,0.9503311258278145,0.944078947368421,0.9471947194719472
0,AnnualCrop,0.11,0.550000011920929,287,17,15,0.9503311258278145,0.944078947368421,0.9471947194719472
0,AnnualCrop,0.11,0.5600000023841858,287,17,15,0.9503311258278145,0.944078947368421,0.9471947194719472
0,AnnualCrop,0.11,0.5699999928474426,286,18,15,0.9501661129568106,0.9407894736842105,0.9454545454545454
0,AnnualCrop,0.11,0.5799999833106995,286,18,15,0.9501661129568106,0.9407894736842105,0.9454545454545454
0,AnnualCrop,0.11,0.5899999737739563,286,18,15,0.9501661129568106,0.9407894736842105,0.9454545454545454
0,AnnualCrop,0.11,0.6000000238418579,285,19,14,0.9531772575250836,0.9375,0.945273631840796
0,AnnualCrop,0.11,0.6100000143051147,285,19,14,0.9531772575250836,0.9375,0.945273631840796
0,AnnualCrop,0.11,0.6200000047683716,285,19,14,0.9531772575250836,0.9375,0.945273631840796
0,AnnualCrop,0.11,0.6299999952316284,285,19,14,0.9531772575250836,0.9375,0.945273631840796
0,AnnualCrop,0.11,0.6399999856948853,285,19,14,0.9531772575250836,0.9375,0.945273631840796
0,AnnualCrop,0.11,0.6499999761581421,284,20,14,0.9530201342281879,0.9342105263157895,0.9435215946843853
0,AnnualCrop,0.11,0.6600000262260437,282,22,13,0.9559322033898305,0.9276315789473685,0.9415692821368948
0,AnnualCrop,0.11,0.6700000166893005,281,23,13,0.95578231292517,0.9243421052631579,0.939799331103679
0,AnnualCrop,0.11,0.6800000071525574,280,24,13,0.9556313993174061,0.9210526315789473,0.9380234505862647
0,AnnualCrop,0.11,0.6899999976158142,280,24,13,0.9556313993174061,0.9210526315789473,0.9380234505862647
0,AnnualCrop,0.11,0.699999988079071,280,24,12,0.958904109589041,0.9210526315789473,0.9395973154362416
0,AnnualCrop,0.11,0.7099999785423279,280,24,11,0.9621993127147767,0.9210526315789473,0.9411764705882353
0,AnnualCrop,0.11,0.7200000286102295,279,25,10,0.9653979238754326,0.9177631578947368,0.9409780775716695
0,AnnualCrop,0.11,0.7300000190734863,278,26,10,0.9652777777777778,0.9144736842105263,0.9391891891891891
0,AnnualCrop,0.11,0.7400000095367432,278,26,10,0.9652777777777778,0.9144736842105263,0.9391891891891891
0,AnnualCrop,0.11,0.75,278,26,10,0.9652777777777778,0.9144736842105263,0.9391891891891891
0,AnnualCrop,0.11,0.7599999904632568,278,26,9,0.9686411149825784,0.9144736842105263,0.9407783417935702
0,AnnualCrop,0.11,0.7699999809265137,278,26,9,0.9686411149825784,0.9144736842105263,0.9407783417935702
0,AnnualCrop,0.11,0.7799999713897705,277,27,8,0.9719298245614035,0.9111842105263158,0.9405772495755518
0,AnnualCrop,0.11,0.7900000214576721,276,28,7,0.9752650176678446,0.9078947368421053,0.9403747870528109
0,AnnualCrop,0.11,0.800000011920929,274,30,7,0.9750889679715302,0.9013157894736842,0.9367521367521368
0,AnnualCrop,0.11,0.8100000023841858,271,33,5,0.9818840579710145,0.8914473684210527,0.9344827586206896
0,AnnualCrop,0.11,0.8199999928474426,268,36,5,0.9816849816849816,0.881578947368421,0.92894280762565
0,AnnualCrop,0.11,0.8299999833106995,267,37,5,0.9816176470588235,0.8782894736842105,0.9270833333333334
0,AnnualCrop,0.11,0.8399999737739563,267,37,5,0.9816176470588235,0.8782894736842105,0.9270833333333334
0,AnnualCrop,0.11,0.8500000238418579,266,38,5,0.981549815498155,0.875,0.9252173913043479
0,AnnualCrop,0.11,0.8600000143051147,266,38,5,0.981549815498155,0.875,0.9252173913043479
0,AnnualCrop,0.11,0.8700000047683716,266,38,5,0.981549815498155,0.875,0.9252173913043479
0,AnnualCrop,0.11,0.8799999952316284,265,39,5,0.9814814814814815,0.8717105263157895,0.9233449477351916
0,AnnualCrop,0.11,0.8899999856948853,265,39,5,0.9814814814814815,0.8717105263157895,0.9233449477351916
0,AnnualCrop,0.11,0.8999999761581421,264,40,5,0.9814126394052045,0.868421052631579,0.9214659685863874
0,AnnualCrop,0.11,0.9100000262260437,262,42,5,0.9812734082397003,0.8618421052631579,0.9176882661996497
0,AnnualCrop,0.11,0.9200000166893005,261,43,3,0.9886363636363636,0.8585526315789473,0.9190140845070423
0,AnnualCrop,0.11,0.9300000071525574,256,48,3,0.9884169884169884,0.8421052631578947,0.9094138543516874
0,AnnualCrop,0.11,0.9399999976158142,253,51,3,0.98828125,0.8322368421052632,0.9035714285714286
0,AnnualCrop,0.11,0.949999988079071,250,54,3,0.9881422924901185,0.8223684210526315,0.8976660682226212
0,AnnualCrop,0.11,0.9599999785423279,240,64,3,0.9876543209876543,0.7894736842105263,0.8775137111517367
0,AnnualCrop,0.11,0.9700000286102295,239,65,2,0.991701244813278,0.7861842105263158,0.8770642201834863
0,AnnualCrop,0.11,0.9800000190734863,224,80,2,0.9911504424778761,0.7368421052631579,0.8452830188679246
0,AnnualCrop,0.11,0.9900000095367432,203,101,0,1.0,0.6677631578947368,0.8007889546351085
0,AnnualCrop,0.11,1.0,0,304,0,0.0,0.0,0.0
1,Forest,0.11,0.0,305,0,2395,0.11296296296296296,1.0,0.20299500831946754
1,Forest,0.11,0.009999999776482582,305,0,171,0.6407563025210085,1.0,0.7810499359795134
1,Forest,0.11,0.019999999552965164,305,0,131,0.6995412844036697,1.0,0.8232118758434548
1,Forest,0.11,0.029999999329447746,305,0,104,0.7457212713936431,1.0,0.8543417366946778
1,Forest,0.11,0.03999999910593033,305,0,93,0.7663316582914573,1.0,0.8677098150782361
1,Forest,0.11,0.05000000074505806,305,0,83,0.7860824742268041,1.0,0.8802308802308803
1,Forest,0.11,0.05999999865889549,305,0,82,0.7881136950904393,1.0,0.8815028901734104
1,Forest,0.11,0.07000000029802322,305,0,75,0.8026315789473685,1.0,0.8905109489051095
1,Forest,0.11,0.07999999821186066,305,0,70,0.8133333333333334,1.0,0.8970588235294118
1,Forest,0.11,0.09000000357627869,305,0,69,0.8155080213903744,1.0,0.898379970544919
1,Forest,0.11,0.10000000149011612,305,0,65,0.8243243243243243,1.0,0.9037037037037037
1,Forest,0.11,0.10999999940395355,305,0,65,0.8243243243243243,1.0,0.9037037037037037
1,Forest,0.11,0.11999999731779099,305,0,61,0.8333333333333334,1.0,0.9090909090909091
1,Forest,0.11,0.12999999523162842,305,0,59,0.8379120879120879,1.0,0.9118086696562033
1,Forest,0.11,0.14000000059604645,305,0,57,0.8425414364640884,1.0,0.9145427286356822
1,Forest,0.11,0.15000000596046448,305,0,56,0.8448753462603878,1.0,0.9159159159159159
1,Forest,0.11,0.1599999964237213,305,0,54,0.8495821727019499,1.0,0.9186746987951807
1,Forest,0.11,0.17000000178813934,305,0,49,0.8615819209039548,1.0,0.9256449165402124
1,Forest,0.11,0.18000000715255737,305,0,48,0.8640226628895185,1.0,0.9270516717325228
1,Forest,0.11,0.1899999976158142,305,0,48,0.8640226628895185,1.0,0.9270516717325228
1,Forest,0.11,0.20000000298023224,305,0,48,0.8640226628895185,1.0,0.9270516717325228
1,Forest,0.11,0.20999999344348907,305,0,48,0.8640226628895185,1.0,0.9270516717325228
1,Forest,0.11,0.2199999988079071,304,1,45,0.8710601719197708,0.9967213114754099,0.9296636085626911
1,Forest,0.11,0.23000000417232513,304,1,45,0.8710601719197708,0.9967213114754099,0.9296636085626911
1,Forest,0.11,0.23999999463558197,304,1,43,0.8760806916426513,0.9967213114754099,0.9325153374233128
1,Forest,0.11,0.25,304,1,43,0.8760806916426513,0.9967213114754099,0.9325153374233128
1,Forest,0.11,0.25999999046325684,304,1,42,0.8786127167630058,0.9967213114754099,0.9339477726574501
1,Forest,0.11,0.27000001072883606,304,1,41,0.881159420289855,0.9967213114754099,0.9353846153846154
1,Forest,0.11,0.2800000011920929,304,1,41,0.881159420289855,0.9967213114754099,0.9353846153846154
1,Forest,0.11,0.28999999165534973,304,1,37,0.8914956011730205,0.9967213114754099,0.9411764705882353
1,Forest,0.11,0.30000001192092896,304,1,37,0.8914956011730205,0.9967213114754099,0.9411764705882353
1,Forest,0.11,0.3100000023841858,304,1,37,0.8914956011730205,0.9967213114754099,0.9411764705882353
1,Forest,0.11,0.3199999928474426,304,1,37,0.8914956011730205,0.9967213114754099,0.9411764705882353
1,Forest,0.11,0.33000001311302185,304,1,37,0.8914956011730205,0.9967213114754099,0.9411764705882353
1,Forest,0.11,0.3400000035762787,304,1,37,0.8914956011730205,0.9967213114754099,0.9411764705882353
1,Forest,0.11,0.3499999940395355,304,1,36,0.8941176470588236,0.9967213114754099,0.9426356589147287
1,Forest,0.11,0.36000001430511475,304,1,36,0.8941176470588236,0.9967213114754099,0.9426356589147287
1,Forest,0.11,0.3700000047683716,304,1,35,0.8967551622418879,0.9967213114754099,0.9440993788819876
1,Forest,0.11,0.3799999952316284,304,1,35,0.8967551622418879,0.9967213114754099,0.9440993788819876
1,Forest,0.11,0.38999998569488525,303,2,34,0.8991097922848664,0.9934426229508196,0.9439252336448598
1,Forest,0.11,0.4000000059604645,303,2,34,0.8991097922848664,0.9934426229508196,0.9439252336448598
1,Forest,0.11,0.4099999964237213,303,2,34,0.8991097922848664,0.9934426229508196,0.9439252336448598
1,Forest,0.11,0.41999998688697815,303,2,33,0.9017857142857143,0.9934426229508196,0.9453978159126365
1,Forest,0.11,0.4300000071525574,303,2,32,0.9044776119402985,0.9934426229508196,0.946875
1,Forest,0.11,0.4399999976158142,303,2,32,0.9044776119402985,0.9934426229508196,0.946875
1,Forest,0.11,0.44999998807907104,303,2,31,0.907185628742515,0.9934426229508196,0.9483568075117371
1,Forest,0.11,0.46000000834465027,303,2,31,0.907185628742515,0.9934426229508196,0.9483568075117371
1,Forest,0.11,0.4699999988079071,303,2,28,0.9154078549848943,0.9934426229508196,0.9528301886792453
1,Forest,0.11,0.47999998927116394,303,2,27,0.9181818181818182,0.9934426229508196,0.9543307086614173
1,Forest,0.11,0.49000000953674316,303,2,25,0.9237804878048781,0.9934426229508196,0.957345971563981
1,Forest,0.11,0.5,303,2,23,0.9294478527607362,0.9934426229508196,0.9603803486529319
1,Forest,0.11,0.5099999904632568,303,2,22,0.9323076923076923,0.9934426229508196,0.9619047619047619
1,Forest,0.11,0.5199999809265137,303,2,22,0.9323076923076923,0.9934426229508196,0.9619047619047619
1,Forest,0.11,0.5299999713897705,303,2,22,0.9323076923076923,0.9934426229508196,0.9619047619047619
1,Forest,0.11,0.5400000214576721,303,2,22,0.9323076923076923,0.9934426229508196,0.9619047619047619
1,Forest,0.11,0.550000011920929,303,2,21,0.9351851851851852,0.9934426229508196,0.9634340222575517
1,Forest,0.11,0.5600000023841858,303,2,21,0.9351851851851852,0.9934426229508196,0.9634340222575517
1,Forest,0.11,0.5699999928474426,303,2,21,0.9351851851851852,0.9934426229508196,0.9634340222575517
1,Forest,0.11,0.5799999833106995,303,2,20,0.9380804953560371,0.9934426229508196,0.964968152866242
1,Forest,0.11,0.5899999737739563,303,2,20,0.9380804953560371,0.9934426229508196,0.964968152866242
1,Forest,0.11,0.6000000238418579,302,3,20,0.937888198757764,0.9901639344262295,0.9633173843700159
1,Forest,0.11,0.6100000143051147,302,3,20,0.937888198757764,0.9901639344262295,0.9633173843700159
1,Forest,0.11,0.6200000047683716,302,3,20,0.937888198757764,0.9901639344262295,0.9633173843700159
1,Forest,0.11,0.6299999952316284,302,3,20,0.937888198757764,0.9901639344262295,0.9633173843700159
1,Forest,0.11,0.6399999856948853,302,3,19,0.940809968847352,0.9901639344262295,0.9648562300319489
1,Forest,0.11,0.6499999761581421,302,3,18,0.94375,0.9901639344262295,0.9664
1,Forest,0.11,0.6600000262260437,302,3,17,0.9467084639498433,0.9901639344262295,0.967948717948718
1,Forest,0.11,0.6700000166893005,302,3,17,0.9467084639498433,0.9901639344262295,0.967948717948718
1,Forest,0.11,0.6800000071525574,302,3,15,0.9526813880126183,0.9901639344262295,0.9710610932475884
1,Forest,0.11,0.6899999976158142,302,3,14,0.9556962025316456,0.9901639344262295,0.9726247987117552
1,Forest,0.11,0.699999988079071,302,3,14,0.9556962025316456,0.9901639344262295,0.9726247987117552
1,Forest,0.11,0.7099999785423279,302,3,14,0.9556962025316456,0.9901639344262295,0.9726247987117552
1,Forest,0.11,0.7200000286102295,302,3,14,0.9556962025316456,0.9901639344262295,0.9726247987117552
1,Forest,0.11,0.7300000190734863,302,3,14,0.9556962025316456,0.9901639344262295,0.9726247987117552
1,Forest,0.11,0.7400000095367432,302,3,14,0.9556962025316456,0.9901639344262295,0.9726247987117552
1,Forest,0.11,0.75,302,3,14,0.9556962025316456,0.9901639344262295,0.9726247987117552
1,Forest,0.11,0.7599999904632568,302,3,14,0.9556962025316456,0.9901639344262295,0.9726247987117552
1,Forest,0.11,0.7699999809265137,302,3,13,0.9587301587301588,0.9901639344262295,0.9741935483870968
1,Forest,0.11,0.7799999713897705,302,3,13,0.9587301587301588,0.9901639344262295,0.9741935483870968
1,Forest,0.11,0.7900000214576721,301,4,13,0.9585987261146497,0.9868852459016394,0.9725363489499192
1,Forest,0.11,0.800000011920929,301,4,12,0.9616613418530351,0.9868852459016394,0.9741100323624595
1,Forest,0.11,0.8100000023841858,301,4,12,0.9616613418530351,0.9868852459016394,0.9741100323624595
1,Forest,0.11,0.8199999928474426,301,4,11,0.9647435897435898,0.9868852459016394,0.9756888168557536
1,Forest,0.11,0.8299999833106995,301,4,10,0.9678456591639871,0.9868852459016394,0.9772727272727273
1,Forest,0.11,0.8399999737739563,301,4,9,0.9709677419354839,0.9868852459016394,0.9788617886178862
1,Forest,0.11,0.8500000238418579,301,4,9,0.9709677419354839,0.9868852459016394,0.9788617886178862
1,Forest,0.11,0.8600000143051147,301,4,9,0.9709677419354839,0.9868852459016394,0.9788617886178862
1,Forest,0.11,0.8700000047683716,301,4,9,0.9709677419354839,0.9868852459016394,0.9788617886178862
1,Forest,0.11,0.8799999952316284,301,4,9,0.9709677419354839,0.9868852459016394,0.9788617886178862
1,Forest,0.11,0.8899999856948853,300,5,8,0.974025974025974,0.9836065573770492,0.9787928221859706
1,Forest,0.11,0.8999999761581421,300,5,8,0.974025974025974,0.9836065573770492,0.9787928221859706
1,Forest,0.11,0.9100000262260437,300,5,8,0.974025974025974,0.9836065573770492,0.9787928221859706
1,Forest,0.11,0.9200000166893005,297,8,7,0.9769736842105263,0.9737704918032787,0.9753694581280788
1,Forest,0.11,0.9300000071525574,296,9,7,0.976897689768977,0.9704918032786886,0.9736842105263158
1,Forest,0.11,0.9399999976158142,296,9,6,0.9801324503311258,0.9704918032786886,0.9752883031301482
1,Forest,0.11,0.949999988079071,296,9,5,0.9833887043189369,0.9704918032786886,0.976897689768977
1,Forest,0.11,0.9599999785423279,295,10,4,0.9866220735785953,0.9672131147540983,0.9768211920529801
1,Forest,0.11,0.9700000286102295,292,13,4,0.9864864864864865,0.9573770491803278,0.9717138103161398
1,Forest,0.11,0.9800000190734863,286,19,4,0.9862068965517241,0.9377049180327869,0.9613445378151261
1,Forest,0.11,0.9900000095367432,277,28,3,0.9892857142857143,0.9081967213114754,0.947008547008547
1,Forest,0.11,1.0,0,305,0,0.0,0.0,0.0
2,HerbaceousVegetation,0.11,0.0,294,0,2406,0.10888888888888888,1.0,0.1963927855711423
2,HerbaceousVegetation,0.11,0.009999999776482582,293,1,91,0.7630208333333334,0.9965986394557823,0.8643067846607669
2,HerbaceousVegetation,0.11,0.019999999552965164,293,1,67,0.8138888888888889,0.9965986394557823,0.8960244648318043
2,HerbaceousVegetation,0.11,0.029999999329447746,291,3,52,0.8483965014577259,0.9897959183673469,0.9136577708006279
2,HerbaceousVegetation,0.11,0.03999999910593033,289,5,47,0.8601190476190477,0.9829931972789115,0.9174603174603174
2,HerbaceousVegetation,0.11,0.05000000074505806,286,8,40,0.8773006134969326,0.9727891156462585,0.9225806451612903
2,HerbaceousVegetation,0.11,0.05999999865889549,286,8,36,0.8881987577639752,0.9727891156462585,0.9285714285714286
2,HerbaceousVegetation,0.11,0.07000000029802322,285,9,29,0.9076433121019108,0.9693877551020408,0.9375
2,HerbaceousVegetation,0.11,0.07999999821186066,285,9,26,0.9163987138263665,0.9693877551020408,0.9421487603305785
2,HerbaceousVegetation,0.11,0.09000000357627869,285,9,23,0.9253246753246753,0.9693877551020408,0.946843853820598
2,HerbaceousVegetation,0.11,0.10000000149011612,284,10,23,0.9250814332247557,0.9659863945578231,0.9450915141430949
2,HerbaceousVegetation,0.11,0.10999999940395355,284,10,22,0.9281045751633987,0.9659863945578231,0.9466666666666667
2,HerbaceousVegetation,0.11,0.11999999731779099,283,11,20,0.933993399339934,0.9625850340136054,0.948073701842546
2,HerbaceousVegetation,0.11,0.12999999523162842,282,12,19,0.9368770764119602,0.9591836734693877,0.9478991596638655
2,HerbaceousVegetation,0.11,0.14000000059604645,282,12,19,0.9368770764119602,0.9591836734693877,0.9478991596638655
2,HerbaceousVegetation,0.11,0.15000000596046448,282,12,16,0.9463087248322147,0.9591836734693877,0.9527027027027027
2,HerbaceousVegetation,0.11,0.1599999964237213,282,12,16,0.9463087248322147,0.9591836734693877,0.9527027027027027
2,HerbaceousVegetation,0.11,0.17000000178813934,280,14,16,0.9459459459459459,0.9523809523809523,0.9491525423728814
2,HerbaceousVegetation,0.11,0.18000000715255737,279,15,15,0.9489795918367347,0.9489795918367347,0.9489795918367347
2,HerbaceousVegetation,0.11,0.1899999976158142,278,16,12,0.9586206896551724,0.9455782312925171,0.952054794520548
2,HerbaceousVegetation,0.11,0.20000000298023224,278,16,12,0.9586206896551724,0.9455782312925171,0.952054794520548
2,HerbaceousVegetation,0.11,0.20999999344348907,275,19,10,0.9649122807017544,0.935374149659864,0.9499136442141624
2,HerbaceousVegetation,0.11,0.2199999988079071,275,19,9,0.9683098591549296,0.935374149659864,0.9515570934256056
2,HerbaceousVegetation,0.11,0.23000000417232513,275,19,9,0.9683098591549296,0.935374149659864,0.9515570934256056
2,HerbaceousVegetation,0.11,0.23999999463558197,273,21,9,0.9680851063829787,0.9285714285714286,0.9479166666666666
2,HerbaceousVegetation,0.11,0.25,272,22,9,0.9679715302491103,0.9251700680272109,0.9460869565217391
2,HerbaceousVegetation,0.11,0.25999999046325684,272,22,9,0.9679715302491103,0.9251700680272109,0.9460869565217391
2,HerbaceousVegetation,0.11,0.27000001072883606,272,22,9,0.9679715302491103,0.9251700680272109,0.9460869565217391
2,HerbaceousVegetation,0.11,0.2800000011920929,271,23,9,0.9678571428571429,0.9217687074829932,0.9442508710801394
2,HerbaceousVegetation,0.11,0.28999999165534973,271,23,9,0.9678571428571429,0.9217687074829932,0.9442508710801394
2,HerbaceousVegetation,0.11,0.30000001192092896,271,23,8,0.9713261648745519,0.9217687074829932,0.9458987783595113
2,HerbaceousVegetation,0.11,0.3100000023841858,271,23,8,0.9713261648745519,0.9217687074829932,0.9458987783595113
2,HerbaceousVegetation,0.11,0.3199999928474426,270,24,7,0.9747292418772563,0.9183673469387755,0.9457092819614711
2,HerbaceousVegetation,0.11,0.33000001311302185,270,24,6,0.9782608695652174,0.9183673469387755,0.9473684210526315
2,HerbaceousVegetation,0.11,0.3400000035762787,270,24,5,0.9818181818181818,0.9183673469387755,0.9490333919156415
2,HerbaceousVegetation,0.11,0.3499999940395355,269,25,5,0.9817518248175182,0.9149659863945578,0.9471830985915493
2,HerbaceousVegetation,0.11,0.36000001430511475,267,27,4,0.985239852398524,0.9081632653061225,0.9451327433628318
2,HerbaceousVegetation,0.11,0.3700000047683716,266,28,4,0.9851851851851852,0.9047619047619048,0.9432624113475178
2,HerbaceousVegetation,0.11,0.3799999952316284,266,28,4,0.9851851851851852,0.9047619047619048,0.9432624113475178
2,HerbaceousVegetation,0.11,0.38999998569488525,266,28,4,0.9851851851851852,0.9047619047619048,0.9432624113475178
2,HerbaceousVegetation,0.11,0.4000000059604645,265,29,3,0.9888059701492538,0.9013605442176871,0.9430604982206405
2,HerbaceousVegetation,0.11,0.4099999964237213,262,32,3,0.9886792452830189,0.891156462585034,0.9373881932021467
2,HerbaceousVegetation,0.11,0.41999998688697815,261,33,3,0.9886363636363636,0.8877551020408163,0.9354838709677419
2,HerbaceousVegetation,0.11,0.4300000071525574,261,33,3,0.9886363636363636,0.8877551020408163,0.9354838709677419
2,HerbaceousVegetation,0.11,0.4399999976158142,258,36,3,0.9885057471264368,0.8775510204081632,0.9297297297297298
2,HerbaceousVegetation,0.11,0.44999998807907104,258,36,3,0.9885057471264368,0.8775510204081632,0.9297297297297298
2,HerbaceousVegetation,0.11,0.46000000834465027,256,38,3,0.9884169884169884,0.8707482993197279,0.9258589511754068
2,HerbaceousVegetation,0.11,0.4699999988079071,256,38,3,0.9884169884169884,0.8707482993197279,0.9258589511754068
2,HerbaceousVegetation,0.11,0.47999998927116394,255,39,3,0.9883720930232558,0.8673469387755102,0.9239130434782609
2,HerbaceousVegetation,0.11,0.49000000953674316,255,39,3,0.9883720930232558,0.8673469387755102,0.9239130434782609
2,HerbaceousVegetation,0.11,0.5,255,39,3,0.9883720930232558,0.8673469387755102,0.9239130434782609
2,HerbaceousVegetation,0.11,0.5099999904632568,251,43,3,0.9881889763779528,0.8537414965986394,0.916058394160584
2,HerbaceousVegetation,0.11,0.5199999809265137,251,43,3,0.9881889763779528,0.8537414965986394,0.916058394160584
2,HerbaceousVegetation,0.11,0.5299999713897705,251,43,3,0.9881889763779528,0.8537414965986394,0.916058394160584
2,HerbaceousVegetation,0.11,0.5400000214576721,250,44,2,0.9920634920634921,0.8503401360544217,0.9157509157509157
2,HerbaceousVegetation,0.11,0.550000011920929,248,46,1,0.9959839357429718,0.8435374149659864,0.9134438305709024
2,HerbaceousVegetation,0.11,0.5600000023841858,246,48,1,0.9959514170040485,0.8367346938775511,0.9094269870609981
2,HerbaceousVegetation,0.11,0.5699999928474426,244,50,1,0.9959183673469387,0.8299319727891157,0.9053803339517625
2,HerbaceousVegetation,0.11,0.5799999833106995,243,51,1,0.9959016393442623,0.826530612244898,0.9033457249070632
2,HerbaceousVegetation,0.11,0.5899999737739563,242,52,1,0.9958847736625515,0.8231292517006803,0.9013035381750466
2,HerbaceousVegetation,0.11,0.6000000238418579,241,53,1,0.9958677685950413,0.8197278911564626,0.8992537313432836
2,HerbaceousVegetation,0.11,0.6100000143051147,240,54,1,0.995850622406639,0.8163265306122449,0.897196261682243
2,HerbaceousVegetation,0.11,0.6200000047683716,240,54,1,0.995850622406639,0.8163265306122449,0.897196261682243
2,HerbaceousVegetation,0.11,0.6299999952316284,239,55,1,0.9958333333333333,0.8129251700680272,0.8951310861423221
2,HerbaceousVegetation,0.11,0.6399999856948853,238,56,1,0.99581589958159,0.8095238095238095,0.8930581613508443
2,HerbaceousVegetation,0.11,0.6499999761581421,236,58,1,0.9957805907172996,0.8027210884353742,0.8888888888888888
2,HerbaceousVegetation,0.11,0.6600000262260437,234,60,1,0.9957446808510638,0.7959183673469388,0.8846880907372401
2,HerbaceousVegetation,0.11,0.6700000166893005,234,60,1,0.9957446808510638,0.7959183673469388,0.8846880907372401
2,HerbaceousVegetation,0.11,0.6800000071525574,233,61,1,0.9957264957264957,0.7925170068027211,0.8825757575757576
2,HerbaceousVegetation,0.11,0.6899999976158142,232,62,1,0.9957081545064378,0.7891156462585034,0.8804554079696395
2,HerbaceousVegetation,0.11,0.699999988079071,229,65,1,0.9956521739130435,0.7789115646258503,0.8740458015267175
2,HerbaceousVegetation,0.11,0.7099999785423279,229,65,1,0.9956521739130435,0.7789115646258503,0.8740458015267175
2,HerbaceousVegetation,0.11,0.7200000286102295,228,66,1,0.9956331877729258,0.7755102040816326,0.8718929254302104
2,HerbaceousVegetation,0.11,0.7300000190734863,228,66,1,0.9956331877729258,0.7755102040816326,0.8718929254302104
2,HerbaceousVegetation,0.11,0.7400000095367432,225,69,1,0.995575221238938,0.7653061224489796,0.8653846153846154
2,HerbaceousVegetation,0.11,0.75,224,70,1,0.9955555555555555,0.7619047619047619,0.8631984585741811
2,HerbaceousVegetation,0.11,0.7599999904632568,215,79,1,0.9953703703703703,0.7312925170068028,0.8431372549019608
2,HerbaceousVegetation,0.11,0.7699999809265137,214,80,1,0.9953488372093023,0.7278911564625851,0.8408644400785854
2,HerbaceousVegetation,0.11,0.7799999713897705,211,83,1,0.9952830188679245,0.717687074829932,0.83399209486166
2,HerbaceousVegetation,0.11,0.7900000214576721,208,86,1,0.9952153110047847,0.7074829931972789,0.827037773359841
2,HerbaceousVegetation,0.11,0.800000011920929,207,87,1,0.9951923076923077,0.7040816326530612,0.8247011952191236
2,HerbaceousVegetation,0.11,0.8100000023841858,202,92,1,0.9950738916256158,0.6870748299319728,0.8128772635814889
2,HerbaceousVegetation,0.11,0.8199999928474426,197,97,1,0.9949494949494949,0.6700680272108843,0.8008130081300813
2,HerbaceousVegetation,0.11,0.8299999833106995,192,102,1,0.9948186528497409,0.6530612244897959,0.7885010266940452
2,HerbaceousVegetation,0.11,0.8399999737739563,191,103,1,0.9947916666666666,0.6496598639455783,0.7860082304526749
2,HerbaceousVegetation,0.11,0.8500000238418579,186,108,1,0.9946524064171123,0.6326530612244898,0.7733887733887734
2,HerbaceousVegetation,0.11,0.8600000143051147,184,110,1,0.9945945945945946,0.6258503401360545,0.7682672233820459
2,HerbaceousVegetation,0.11,0.8700000047683716,175,119,1,0.9943181818181818,0.5952380952380952,0.7446808510638298
2,HerbaceousVegetation,0.11,0.8799999952316284,169,125,1,0.9941176470588236,0.5748299319727891,0.728448275862069
2,HerbaceousVegetation,0.11,0.8899999856948853,167,127,1,0.9940476190476191,0.5680272108843537,0.7229437229437229
2,HerbaceousVegetation,0.11,0.8999999761581421,159,135,1,0.99375,0.5408163265306123,0.7004405286343612
2,HerbaceousVegetation,0.11,0.9100000262260437,156,138,0,1.0,0.5306122448979592,0.6933333333333334
2,HerbaceousVegetation,0.11,0.9200000166893005,147,147,0,1.0,0.5,0.6666666666666666
2,HerbaceousVegetation,0.11,0.9300000071525574,141,153,0,1.0,0.47959183673469385,0.6482758620689655
2,HerbaceousVegetation,0.11,0.9399999976158142,129,165,0,1.0,0.4387755102040816,0.6099290780141844
2,HerbaceousVegetation,0.11,0.949999988079071,118,176,0,1.0,0.4013605442176871,0.5728155339805825
2,HerbaceousVegetation,0.11,0.9599999785423279,103,191,0,1.0,0.35034013605442177,0.5188916876574308
2,HerbaceousVegetation,0.11,0.9700000286102295,97,197,0,1.0,0.3299319727891156,0.4961636828644501
2,HerbaceousVegetation,0.11,0.9800000190734863,83,211,0,1.0,0.282312925170068,0.4403183023872679
2,HerbaceousVegetation,0.11,0.9900000095367432,52,242,0,1.0,0.17687074829931973,0.30057803468208094
2,HerbaceousVegetation,0.11,1.0,0,294,0,0.0,0.0,0.0
3,Highway,0.09,0.0,248,0,2452,0.09185185185185185,1.0,0.16824966078697423
3,Highway,0.09,0.009999999776482582,246,2,186,0.5694444444444444,0.9919354838709677,0.7235294117647059
3,Highway,0.09,0.019999999552965164,245,3,125,0.6621621621621622,0.9879032258064516,0.7928802588996764
3,Highway,0.09,0.029999999329447746,245,3,100,0.7101449275362319,0.9879032258064516,0.8263069139966274
3,Highway,0.09,0.03999999910593033,244,4,91,0.7283582089552239,0.9838709677419355,0.8370497427101201
3,Highway,0.09,0.05000000074505806,244,4,79,0.7554179566563467,0.9838709677419355,0.8546409807355516
3,Highway,0.09,0.05999999865889549,244,4,72,0.7721518987341772,0.9838709677419355,0.8652482269503546
3,Highway,0.09,0.07000000029802322,241,7,63,0.7927631578947368,0.9717741935483871,0.8731884057971014
3,Highway,0.09,0.07999999821186066,241,7,56,0.8114478114478114,0.9717741935483871,0.8844036697247707
3,Highway,0.09,0.09000000357627869,239,9,52,0.8213058419243986,0.9637096774193549,0.8868274582560297
3,Highway,0.09,0.10000000149011612,239,9,48,0.8327526132404182,0.9637096774193549,0.8934579439252337
3,Highway,0.09,0.10999999940395355,238,10,43,0.8469750889679716,0.9596774193548387,0.8998109640831758
3,Highway,0.09,0.11999999731779099,238,10,38,0.8623188405797102,0.9596774193548387,0.9083969465648855
3,Highway,0.09,0.12999999523162842,238,10,38,0.8623188405797102,0.9596774193548387,0.9083969465648855
3,Highway,0.09,0.14000000059604645,236,12,37,0.8644688644688645,0.9516129032258065,0.9059500959692899
3,Highway,0.09,0.15000000596046448,236,12,32,0.8805970149253731,0.9516129032258065,0.9147286821705426
3,Highway,0.09,0.1599999964237213,236,12,30,0.8872180451127819,0.9516129032258065,0.9182879377431906
3,Highway,0.09,0.17000000178813934,236,12,25,0.9042145593869731,0.9516129032258065,0.9273084479371316
3,Highway,0.09,0.18000000715255737,236,12,25,0.9042145593869731,0.9516129032258065,0.9273084479371316
3,Highway,0.09,0.1899999976158142,236,12,25,0.9042145593869731,0.9516129032258065,0.9273084479371316
3,Highway,0.09,0.20000000298023224,236,12,23,0.9111969111969112,0.9516129032258065,0.9309664694280079
3,Highway,0.09,0.20999999344348907,236,12,23,0.9111969111969112,0.9516129032258065,0.9309664694280079
3,Highway,0.09,0.2199999988079071,236,12,22,0.9147286821705426,0.9516129032258065,0.932806324110672
3,Highway,0.09,0.23000000417232513,236,12,22,0.9147286821705426,0.9516129032258065,0.932806324110672
3,Highway,0.09,0.23999999463558197,236,12,21,0.9182879377431906,0.9516129032258065,0.9346534653465347
3,Highway,0.09,0.25,236,12,20,0.921875,0.9516129032258065,0.9365079365079365
3,Highway,0.09,0.25999999046325684,236,12,19,0.9254901960784314,0.9516129032258065,0.9383697813121272
3,Highway,0.09,0.27000001072883606,234,14,19,0.924901185770751,0.9435483870967742,0.9341317365269461
3,Highway,0.09,0.2800000011920929,234,14,19,0.924901185770751,0.9435483870967742,0.9341317365269461
3,Highway,0.09,0.28999999165534973,234,14,19,0.924901185770751,0.9435483870967742,0.9341317365269461
3,Highway,0.09,0.30000001192092896,232,16,17,0.9317269076305221,0.9354838709677419,0.9336016096579477
3,Highway,0.09,0.3100000023841858,232,16,17,0.9317269076305221,0.9354838709677419,0.9336016096579477
3,Highway,0.09,0.3199999928474426,232,16,17,0.9317269076305221,0.9354838709677419,0.9336016096579477
3,Highway,0.09,0.33000001311302185,231,17,17,0.9314516129032258,0.9314516129032258,0.9314516129032258
3,Highway,0.09,0.3400000035762787,231,17,17,0.9314516129032258,0.9314516129032258,0.9314516129032258
3,Highway,0.09,0.3499999940395355,231,17,17,0.9314516129032258,0.9314516129032258,0.9314516129032258
3,Highway,0.09,0.36000001430511475,231,17,17,0.9314516129032258,0.9314516129032258,0.9314516129032258
3,Highway,0.09,0.3700000047683716,231,17,17,0.9314516129032258,0.9314516129032258,0.9314516129032258
3,Highway,0.09,0.3799999952316284,231,17,16,0.9352226720647774,0.9314516129032258,0.9333333333333333
3,Highway,0.09,0.38999998569488525,231,17,16,0.9352226720647774,0.9314516129032258,0.9333333333333333
3,Highway,0.09,0.4000000059604645,230,18,15,0.9387755102040817,0.9274193548387096,0.9330628803245437
3,Highway,0.09,0.4099999964237213,230,18,14,0.9426229508196722,0.9274193548387096,0.9349593495934959
3,Highway,0.09,0.41999998688697815,230,18,14,0.9426229508196722,0.9274193548387096,0.9349593495934959
3,Highway,0.09,0.4300000071525574,229,19,14,0.9423868312757202,0.9233870967741935,0.9327902240325866
3,Highway,0.09,0.4399999976158142,229,19,13,0.9462809917355371,0.9233870967741935,0.9346938775510204
3,Highway,0.09,0.44999998807907104,228,20,13,0.946058091286307,0.9193548387096774,0.9325153374233128
3,Highway,0.09,0.46000000834465027,226,22,12,0.9495798319327731,0.9112903225806451,0.9300411522633745
3,Highway,0.09,0.4699999988079071,226,22,12,0.9495798319327731,0.9112903225806451,0.9300411522633745
3,Highway,0.09,0.47999998927116394,226,22,11,0.9535864978902954,0.9112903225806451,0.931958762886598
3,Highway,0.09,0.49000000953674316,226,22,10,0.9576271186440678,0.9112903225806451,0.9338842975206612
3,Highway,0.09,0.5,224,24,10,0.9572649572649573,0.9032258064516129,0.9294605809128631
3,Highway,0.09,0.5099999904632568,223,25,10,0.9570815450643777,0.8991935483870968,0.9272349272349273
3,Highway,0.09,0.5199999809265137,223,25,10,0.9570815450643777,0.8991935483870968,0.9272349272349273
3,Highway,0.09,0.5299999713897705,223,25,10,0.9570815450643777,0.8991935483870968,0.9272349272349273
3,Highway,0.09,0.5400000214576721,222,26,10,0.9568965517241379,0.8951612903225806,0.925
3,Highway,0.09,0.550000011920929,221,27,10,0.9567099567099567,0.8911290322580645,0.9227557411273486
3,Highway,0.09,0.5600000023841858,220,28,10,0.9565217391304348,0.8870967741935484,0.9205020920502092
3,Highway,0.09,0.5699999928474426,220,28,10,0.9565217391304348,0.8870967741935484,0.9205020920502092
3,Highway,0.09,0.5799999833106995,219,29,10,0.9563318777292577,0.8830645161290323,0.9182389937106918
3,Highway,0.09,0.5899999737739563,218,30,10,0.956140350877193,0.8790322580645161,0.9159663865546218
3,Highway,0.09,0.6000000238418579,218,30,9,0.960352422907489,0.8790322580645161,0.9178947368421052
3,Highway,0.09,0.6100000143051147,218,30,9,0.960352422907489,0.8790322580645161,0.9178947368421052
3,Highway,0.09,0.6200000047683716,218,30,9,0.960352422907489,0.8790322580645161,0.9178947368421052
3,Highway,0.09,0.6299999952316284,217,31,9,0.9601769911504425,0.875,0.9156118143459916
3,Highway,0.09,0.6399999856948853,216,32,9,0.96,0.8709677419354839,0.9133192389006343
3,Highway,0.09,0.6499999761581421,216,32,9,0.96,0.8709677419354839,0.9133192389006343
3,Highway,0.09,0.6600000262260437,216,32,9,0.96,0.8709677419354839,0.9133192389006343
3,Highway,0.09,0.6700000166893005,216,32,9,0.96,0.8709677419354839,0.9133192389006343
3,Highway,0.09,0.6800000071525574,216,32,9,0.96,0.8709677419354839,0.9133192389006343
3,Highway,0.09,0.6899999976158142,216,32,9,0.96,0.8709677419354839,0.9133192389006343
3,Highway,0.09,0.699999988079071,215,33,9,0.9598214285714286,0.8669354838709677,0.9110169491525424
3,Highway,0.09,0.7099999785423279,214,34,8,0.963963963963964,0.8629032258064516,0.9106382978723404
3,Highway,0.09,0.7200000286102295,214,34,8,0.963963963963964,0.8629032258064516,0.9106382978723404
3,Highway,0.09,0.7300000190734863,213,35,6,0.9726027397260274,0.8588709677419355,0.9122055674518201
3,Highway,0.09,0.7400000095367432,212,36,6,0.9724770642201835,0.8548387096774194,0.9098712446351931
3,Highway,0.09,0.75,211,37,6,0.9723502304147466,0.8508064516129032,0.9075268817204301
3,Highway,0.09,0.7599999904632568,211,37,5,0.9768518518518519,0.8508064516129032,0.9094827586206896
3,Highway,0.09,0.7699999809265137,211,37,5,0.9768518518518519,0.8508064516129032,0.9094827586206896
3,Highway,0.09,0.7799999713897705,211,37,5,0.9768518518518519,0.8508064516129032,0.9094827586206896
3,Highway,0.09,0.7900000214576721,211,37,5,0.9768518518518519,0.8508064516129032,0.9094827586206896
3,Highway,0.09,0.800000011920929,210,38,5,0.9767441860465116,0.8467741935483871,0.9071274298056156
3,Highway,0.09,0.8100000023841858,208,40,5,0.9765258215962441,0.8387096774193549,0.9023861171366594
3,Highway,0.09,0.8199999928474426,205,43,5,0.9761904761904762,0.8266129032258065,0.8951965065502183
3,Highway,0.09,0.8299999833106995,205,43,5,0.9761904761904762,0.8266129032258065,0.8951965065502183
3,Highway,0.09,0.8399999737739563,202,46,5,0.9758454106280193,0.8145161290322581,0.8879120879120879
3,Highway,0.09,0.8500000238418579,201,47,5,0.9757281553398058,0.8104838709677419,0.8854625550660793
3,Highway,0.09,0.8600000143051147,200,48,4,0.9803921568627451,0.8064516129032258,0.8849557522123894
3,Highway,0.09,0.8700000047683716,200,48,3,0.9852216748768473,0.8064516129032258,0.8869179600886918
3,Highway,0.09,0.8799999952316284,199,49,3,0.9851485148514851,0.8024193548387096,0.8844444444444445
3,Highway,0.09,0.8899999856948853,199,49,3,0.9851485148514851,0.8024193548387096,0.8844444444444445
3,Highway,0.09,0.8999999761581421,196,52,3,0.9849246231155779,0.7903225806451613,0.8769574944071589
3,Highway,0.09,0.9100000262260437,196,52,3,0.9849246231155779,0.7903225806451613,0.8769574944071589
3,Highway,0.09,0.9200000166893005,192,56,3,0.9846153846153847,0.7741935483870968,0.8668171557562077
3,Highway,0.09,0.9300000071525574,189,59,1,0.9947368421052631,0.7620967741935484,0.863013698630137
3,Highway,0.09,0.9399999976158142,184,64,1,0.9945945945945946,0.7419354838709677,0.8498845265588915
3,Highway,0.09,0.949999988079071,178,70,0,1.0,0.717741935483871,0.8356807511737089
3,Highway,0.09,0.9599999785423279,170,78,0,1.0,0.6854838709677419,0.8133971291866029
3,Highway,0.09,0.9700000286102295,161,87,0,1.0,0.6491935483870968,0.7872860635696821
3,Highway,0.09,0.9800000190734863,149,99,0,1.0,0.6008064516129032,0.7506297229219143
3,Highway,0.09,0.9900000095367432,131,117,0,1.0,0.5282258064516129,0.6912928759894459
3,Highway,0.09,1.0,0,248,0,0.0,0.0,0.0
4,Industrial,0.09,0.0,250,0,2450,0.09259259259259259,1.0,0.1694915254237288
4,Industrial,0.09,0.009999999776482582,249,1,42,0.8556701030927835,0.996,0.9205175600739371
4,Industrial,0.09,0.019999999552965164,249,1,30,0.8924731182795699,0.996,0.941398865784499
4,Industrial,0.09,0.029999999329447746,249,1,25,0.9087591240875912,0.996,0.950381679389313
4,Industrial,0.09,0.03999999910593033,249,1,21,0.9222222222222223,0.996,0.9576923076923077
4,Industrial,0.09,0.05000000074505806,249,1,19,0.9291044776119403,0.996,0.9613899613899614
4,Industrial,0.09,0.05999999865889549,249,1,19,0.9291044776119403,0.996,0.9613899613899614
4,Industrial,0.09,0.07000000029802322,249,1,17,0.9360902255639098,0.996,0.9651162790697675
4,Industrial,0.09,0.07999999821186066,249,1,15,0.9431818181818182,0.996,0.9688715953307393
4,Industrial,0.09,0.09000000357627869,249,1,14,0.9467680608365019,0.996,0.9707602339181286
4,Industrial,0.09,0.10000000149011612,248,2,12,0.9538461538461539,0.992,0.9725490196078431
4,Industrial,0.09,0.10999999940395355,248,2,11,0.9575289575289575,0.992,0.9744597249508841
4,Industrial,0.09,0.11999999731779099,248,2,11,0.9575289575289575,0.992,0.9744597249508841
4,Industrial,0.09,0.12999999523162842,248,2,9,0.9649805447470817,0.992,0.9783037475345168
4,Industrial,0.09,0.14000000059604645,248,2,9,0.9649805447470817,0.992,0.9783037475345168
4,Industrial,0.09,0.15000000596046448,248,2,9,0.9649805447470817,0.992,0.9783037475345168
4,Industrial,0.09,0.1599999964237213,248,2,8,0.96875,0.992,0.9802371541501976
4,Industrial,0.09,0.17000000178813934,248,2,8,0.96875,0.992,0.9802371541501976
4,Industrial,0.09,0.18000000715255737,248,2,8,0.96875,0.992,0.9802371541501976
4,Industrial,0.09,0.1899999976158142,248,2,7,0.9725490196078431,0.992,0.9821782178217822
4,Industrial,0.09,0.20000000298023224,248,2,6,0.9763779527559056,0.992,0.9841269841269841
4,Industrial,0.09,0.20999999344348907,248,2,6,0.9763779527559056,0.992,0.9841269841269841
4,Industrial,0.09,0.2199999988079071,248,2,6,0.9763779527559056,0.992,0.9841269841269841
4,Industrial,0.09,0.23000000417232513,248,2,6,0.9763779527559056,0.992,0.9841269841269841
4,Industrial,0.09,0.23999999463558197,248,2,6,0.9763779527559056,0.992,0.9841269841269841
4,Industrial,0.09,0.25,248,2,6,0.9763779527559056,0.992,0.9841269841269841
4,Industrial,0.09,0.25999999046325684,248,2,6,0.9763779527559056,0.992,0.9841269841269841
4,Industrial,0.09,0.27000001072883606,248,2,6,0.9763779527559056,0.992,0.9841269841269841
4,Industrial,0.09,0.2800000011920929,248,2,6,0.9763779527559056,0.992,0.9841269841269841
4,Industrial,0.09,0.28999999165534973,248,2,6,0.9763779527559056,0.992,0.9841269841269841
4,Industrial,0.09,0.30000001192092896,247,3,6,0.9762845849802372,0.988,0.9821073558648111
4,Industrial,0.09,0.3100000023841858,247,3,6,0.9762845849802372,0.988,0.9821073558648111
4,Industrial,0.09,0.3199999928474426,247,3,6,0.9762845849802372,0.988,0.9821073558648111
4,Industrial,0.09,0.33000001311302185,247,3,6,0.9762845849802372,0.988,0.9821073558648111
4,Industrial,0.09,0.3400000035762787,247,3,6,0.9762845849802372,0.988,0.9821073558648111
4,Industrial,0.09,0.3499999940395355,247,3,6,0.9762845849802372,0.988,0.9821073558648111
4,Industrial,0.09,0.36000001430511475,247,3,6,0.9762845849802372,0.988,0.9821073558648111
4,Industrial,0.09,0.3700000047683716,247,3,6,0.9762845849802372,0.988,0.9821073558648111
4,Industrial,0.09,0.3799999952316284,247,3,6,0.9762845849802372,0.988,0.9821073558648111
4,Industrial,0.09,0.38999998569488525,247,3,6,0.9762845849802372,0.988,0.9821073558648111
4,Industrial,0.09,0.4000000059604645,247,3,5,0.9801587301587301,0.988,0.9840637450199203
4,Industrial,0.09,0.4099999964237213,246,4,5,0.9800796812749004,0.984,0.9820359281437125
4,Industrial,0.09,0.41999998688697815,246,4,5,0.9800796812749004,0.984,0.9820359281437125
4,Industrial,0.09,0.4300000071525574,246,4,5,0.9800796812749004,0.984,0.9820359281437125
4,Industrial,0.09,0.4399999976158142,246,4,4,0.984,0.984,0.984
4,Industrial,0.09,0.44999998807907104,246,4,4,0.984,0.984,0.984
4,Industrial,0.09,0.46000000834465027,246,4,4,0.984,0.984,0.984
4,Industrial,0.09,0.4699999988079071,245,5,4,0.9839357429718876,0.98,0.9819639278557114
4,Industrial,0.09,0.47999998927116394,245,5,4,0.9839357429718876,0.98,0.9819639278557114
4,Industrial,0.09,0.49000000953674316,244,6,4,0.9838709677419355,0.976,0.9799196787148594
4,Industrial,0.09,0.5,244,6,4,0.9838709677419355,0.976,0.9799196787148594
4,Industrial,0.09,0.5099999904632568,244,6,4,0.9838709677419355,0.976,0.9799196787148594
4,Industrial,0.09,0.5199999809265137,244,6,4,0.9838709677419355,0.976,0.9799196787148594
4,Industrial,0.09,0.5299999713897705,244,6,4,0.9838709677419355,0.976,0.9799196787148594
4,Industrial,0.09,0.5400000214576721,244,6,4,0.9838709677419355,0.976,0.9799196787148594
4,Industrial,0.09,0.550000011920929,244,6,3,0.9878542510121457,0.976,0.9818913480885312
4,Industrial,0.09,0.5600000023841858,244,6,3,0.9878542510121457,0.976,0.9818913480885312
4,Industrial,0.09,0.5699999928474426,244,6,3,0.9878542510121457,0.976,0.9818913480885312
4,Industrial,0.09,0.5799999833106995,243,7,3,0.9878048780487805,0.972,0.9798387096774194
4,Industrial,0.09,0.5899999737739563,243,7,3,0.9878048780487805,0.972,0.9798387096774194
4,Industrial,0.09,0.6000000238418579,243,7,2,0.9918367346938776,0.972,0.9818181818181818
4,Industrial,0.09,0.6100000143051147,243,7,2,0.9918367346938776,0.972,0.9818181818181818
4,Industrial,0.09,0.6200000047683716,243,7,2,0.9918367346938776,0.972,0.9818181818181818
4,Industrial,0.09,0.6299999952316284,243,7,2,0.9918367346938776,0.972,0.9818181818181818
4,Industrial,0.09,0.6399999856948853,243,7,2,0.9918367346938776,0.972,0.9818181818181818
4,Industrial,0.09,0.6499999761581421,243,7,2,0.9918367346938776,0.972,0.9818181818181818
4,Industrial,0.09,0.6600000262260437,243,7,2,0.9918367346938776,0.972,0.9818181818181818
4,Industrial,0.09,0.6700000166893005,243,7,2,0.9918367346938776,0.972,0.9818181818181818
4,Industrial,0.09,0.6800000071525574,243,7,2,0.9918367346938776,0.972,0.9818181818181818
4,Industrial,0.09,0.6899999976158142,242,8,2,0.9918032786885246,0.968,0.979757085020243
4,Industrial,0.09,0.699999988079071,242,8,2,0.9918032786885246,0.968,0.979757085020243
4,Industrial,0.09,0.7099999785423279,242,8,2,0.9918032786885246,0.968,0.979757085020243
4,Industrial,0.09,0.7200000286102295,242,8,2,0.9918032786885246,0.968,0.979757085020243
4,Industrial,0.09,0.7300000190734863,242,8,2,0.9918032786885246,0.968,0.979757085020243
4,Industrial,0.09,0.7400000095367432,242,8,2,0.9918032786885246,0.968,0.979757085020243
4,Industrial,0.09,0.75,242,8,2,0.9918032786885246,0.968,0.979757085020243
4,Industrial,0.09,0.7599999904632568,242,8,2,0.9918032786885246,0.968,0.979757085020243
4,Industrial,0.09,0.7699999809265137,242,8,2,0.9918032786885246,0.968,0.979757085020243
4,Industrial,0.09,0.7799999713897705,242,8,2,0.9918032786885246,0.968,0.979757085020243
4,Industrial,0.09,0.7900000214576721,242,8,2,0.9918032786885246,0.968,0.979757085020243
4,Industrial,0.09,0.800000011920929,241,9,2,0.9917695473251029,0.964,0.9776876267748479
4,Industrial,0.09,0.8100000023841858,241,9,1,0.9958677685950413,0.964,0.9796747967479674
4,Industrial,0.09,0.8199999928474426,241,9,1,0.9958677685950413,0.964,0.9796747967479674
4,Industrial,0.09,0.8299999833106995,241,9,1,0.9958677685950413,0.964,0.9796747967479674
4,Industrial,0.09,0.8399999737739563,241,9,1,0.9958677685950413,0.964,0.9796747967479674
4,Industrial,0.09,0.8500000238418579,240,10,1,0.995850622406639,0.96,0.9775967413441955
4,Industrial,0.09,0.8600000143051147,240,10,1,0.995850622406639,0.96,0.9775967413441955
4,Industrial,0.09,0.8700000047683716,238,12,1,0.99581589958159,0.952,0.9734151329243353
4,Industrial,0.09,0.8799999952316284,238,12,1,0.99581589958159,0.952,0.9734151329243353
4,Industrial,0.09,0.8899999856948853,236,14,1,0.9957805907172996,0.944,0.9691991786447639
4,Industrial,0.09,0.8999999761581421,235,15,1,0.9957627118644068,0.94,0.9670781893004116
4,Industrial,0.09,0.9100000262260437,235,15,1,0.9957627118644068,0.94,0.9670781893004116
4,Industrial,0.09,0.9200000166893005,235,15,1,0.9957627118644068,0.94,0.9670781893004116
4,Industrial,0.09,0.9300000071525574,233,17,1,0.9957264957264957,0.932,0.9628099173553719
4,Industrial,0.09,0.9399999976158142,231,19,1,0.9956896551724138,0.924,0.9585062240663901
4,Industrial,0.09,0.949999988079071,230,20,1,0.9956709956709957,0.92,0.9563409563409564
4,Industrial,0.09,0.9599999785423279,229,21,1,0.9956521739130435,0.916,0.9541666666666667
4,Industrial,0.09,0.9700000286102295,226,24,1,0.9955947136563876,0.904,0.9475890985324947
4,Industrial,0.09,0.9800000190734863,223,27,1,0.9955357142857143,0.892,0.9409282700421941
4,Industrial,0.09,0.9900000095367432,214,36,0,1.0,0.856,0.9224137931034483
4,Industrial,0.09,1.0,0,250,0,0.0,0.0,0.0
5,Pasture,0.08,0.0,205,0,2495,0.07592592592592592,1.0,0.14113597246127366
5,Pasture,0.08,0.009999999776482582,200,5,129,0.60790273556231,0.975609756097561,0.7490636704119851
5,Pasture,0.08,0.019999999552965164,198,7,86,0.6971830985915493,0.9658536585365853,0.8098159509202454
5,Pasture,0.08,0.029999999329447746,197,8,70,0.7378277153558053,0.9609756097560975,0.8347457627118644
5,Pasture,0.08,0.03999999910593033,196,9,64,0.7538461538461538,0.9560975609756097,0.843010752688172
5,Pasture,0.08,0.05000000074505806,195,10,53,0.7862903225806451,0.9512195121951219,0.8609271523178808
5,Pasture,0.08,0.05999999865889549,195,10,49,0.7991803278688525,0.9512195121951219,0.8685968819599109
5,Pasture,0.08,0.07000000029802322,195,10,45,0.8125,0.9512195121951219,0.8764044943820225
5,Pasture,0.08,0.07999999821186066,195,10,42,0.8227848101265823,0.9512195121951219,0.8823529411764706
5,Pasture,0.08,0.09000000357627869,194,11,38,0.8362068965517241,0.9463414634146341,0.8878718535469108
5,Pasture,0.08,0.10000000149011612,194,11,36,0.8434782608695652,0.9463414634146341,0.8919540229885058
5,Pasture,0.08,0.10999999940395355,194,11,33,0.8546255506607929,0.9463414634146341,0.8981481481481481
5,Pasture,0.08,0.11999999731779099,194,11,30,0.8660714285714286,0.9463414634146341,0.9044289044289044
5,Pasture,0.08,0.12999999523162842,194,11,26,0.8818181818181818,0.9463414634146341,0.9129411764705883
5,Pasture,0.08,0.14000000059604645,194,11,26,0.8818181818181818,0.9463414634146341,0.9129411764705883
5,Pasture,0.08,0.15000000596046448,194,11,26,0.8818181818181818,0.9463414634146341,0.9129411764705883
5,Pasture,0.08,0.1599999964237213,193,12,25,0.8853211009174312,0.9414634146341463,0.9125295508274232
5,Pasture,0.08,0.17000000178813934,193,12,25,0.8853211009174312,0.9414634146341463,0.9125295508274232
5,Pasture,0.08,0.18000000715255737,193,12,21,0.9018691588785047,0.9414634146341463,0.9212410501193318
5,Pasture,0.08,0.1899999976158142,193,12,20,0.9061032863849765,0.9414634146341463,0.9234449760765551
5,Pasture,0.08,0.20000000298023224,192,13,18,0.9142857142857143,0.9365853658536586,0.9253012048192771
5,Pasture,0.08,0.20999999344348907,192,13,17,0.9186602870813397,0.9365853658536586,0.927536231884058
5,Pasture,0.08,0.2199999988079071,192,13,17,0.9186602870813397,0.9365853658536586,0.927536231884058
5,Pasture,0.08,0.23000000417232513,192,13,17,0.9186602870813397,0.9365853658536586,0.927536231884058
5,Pasture,0.08,0.23999999463558197,192,13,17,0.9186602870813397,0.9365853658536586,0.927536231884058
5,Pasture,0.08,0.25,192,13,17,0.9186602870813397,0.9365853658536586,0.927536231884058
5,Pasture,0.08,0.25999999046325684,192,13,17,0.9186602870813397,0.9365853658536586,0.927536231884058
5,Pasture,0.08,0.27000001072883606,192,13,17,0.9186602870813397,0.9365853658536586,0.927536231884058
5,Pasture,0.08,0.2800000011920929,192,13,17,0.9186602870813397,0.9365853658536586,0.927536231884058
5,Pasture,0.08,0.28999999165534973,192,13,16,0.9230769230769231,0.9365853658536586,0.9297820823244553
5,Pasture,0.08,0.30000001192092896,192,13,16,0.9230769230769231,0.9365853658536586,0.9297820823244553
5,Pasture,0.08,0.3100000023841858,192,13,16,0.9230769230769231,0.9365853658536586,0.9297820823244553
5,Pasture,0.08,0.3199999928474426,191,14,15,0.9271844660194175,0.9317073170731708,0.9294403892944039
5,Pasture,0.08,0.33000001311302185,190,15,15,0.926829268292683,0.926829268292683,0.926829268292683
5,Pasture,0.08,0.3400000035762787,190,15,15,0.926829268292683,0.926829268292683,0.926829268292683
5,Pasture,0.08,0.3499999940395355,189,16,15,0.9264705882352942,0.9219512195121952,0.9242053789731052
5,Pasture,0.08,0.36000001430511475,189,16,15,0.9264705882352942,0.9219512195121952,0.9242053789731052
5,Pasture,0.08,0.3700000047683716,189,16,14,0.9310344827586207,0.9219512195121952,0.9264705882352942
5,Pasture,0.08,0.3799999952316284,189,16,12,0.9402985074626866,0.9219512195121952,0.9310344827586207
5,Pasture,0.08,0.38999998569488525,189,16,11,0.945,0.9219512195121952,0.9333333333333333
5,Pasture,0.08,0.4000000059604645,189,16,10,0.949748743718593,0.9219512195121952,0.9356435643564357
5,Pasture,0.08,0.4099999964237213,189,16,9,0.9545454545454546,0.9219512195121952,0.9379652605459057
5,Pasture,0.08,0.41999998688697815,189,16,8,0.9593908629441624,0.9219512195121952,0.9402985074626866
5,Pasture,0.08,0.4300000071525574,188,17,8,0.9591836734693877,0.9170731707317074,0.9376558603491272
5,Pasture,0.08,0.4399999976158142,187,18,7,0.9639175257731959,0.9121951219512195,0.9373433583959899
5,Pasture,0.08,0.44999998807907104,187,18,7,0.9639175257731959,0.9121951219512195,0.9373433583959899
5,Pasture,0.08,0.46000000834465027,187,18,7,0.9639175257731959,0.9121951219512195,0.9373433583959899
5,Pasture,0.08,0.4699999988079071,187,18,7,0.9639175257731959,0.9121951219512195,0.9373433583959899
5,Pasture,0.08,0.47999998927116394,187,18,7,0.9639175257731959,0.9121951219512195,0.9373433583959899
5,Pasture,0.08,0.49000000953674316,187,18,7,0.9639175257731959,0.9121951219512195,0.9373433583959899
5,Pasture,0.08,0.5,187,18,6,0.9689119170984456,0.9121951219512195,0.9396984924623115
5,Pasture,0.08,0.5099999904632568,185,20,6,0.9685863874345549,0.9024390243902439,0.9343434343434344
5,Pasture,0.08,0.5199999809265137,185,20,6,0.9685863874345549,0.9024390243902439,0.9343434343434344
5,Pasture,0.08,0.5299999713897705,185,20,6,0.9685863874345549,0.9024390243902439,0.9343434343434344
5,Pasture,0.08,0.5400000214576721,184,21,6,0.968421052631579,0.8975609756097561,0.9316455696202531
5,Pasture,0.08,0.550000011920929,184,21,6,0.968421052631579,0.8975609756097561,0.9316455696202531
5,Pasture,0.08,0.5600000023841858,183,22,6,0.9682539682539683,0.8926829268292683,0.9289340101522843
5,Pasture,0.08,0.5699999928474426,183,22,6,0.9682539682539683,0.8926829268292683,0.9289340101522843
5,Pasture,0.08,0.5799999833106995,183,22,5,0.973404255319149,0.8926829268292683,0.9312977099236641
5,Pasture,0.08,0.5899999737739563,183,22,5,0.973404255319149,0.8926829268292683,0.9312977099236641
5,Pasture,0.08,0.6000000238418579,182,23,5,0.9732620320855615,0.8878048780487805,0.9285714285714286
5,Pasture,0.08,0.6100000143051147,181,24,5,0.9731182795698925,0.8829268292682927,0.9258312020460358
5,Pasture,0.08,0.6200000047683716,181,24,5,0.9731182795698925,0.8829268292682927,0.9258312020460358
5,Pasture,0.08,0.6299999952316284,181,24,5,0.9731182795698925,0.8829268292682927,0.9258312020460358
5,Pasture,0.08,0.6399999856948853,180,25,5,0.972972972972973,0.8780487804878049,0.9230769230769231
5,Pasture,0.08,0.6499999761581421,179,26,5,0.9728260869565217,0.8731707317073171,0.9203084832904884
5,Pasture,0.08,0.6600000262260437,179,26,5,0.9728260869565217,0.8731707317073171,0.9203084832904884
5,Pasture,0.08,0.6700000166893005,179,26,5,0.9728260869565217,0.8731707317073171,0.9203084832904884
5,Pasture,0.08,0.6800000071525574,179,26,5,0.9728260869565217,0.8731707317073171,0.9203084832904884
5,Pasture,0.08,0.6899999976158142,179,26,5,0.9728260869565217,0.8731707317073171,0.9203084832904884
5,Pasture,0.08,0.699999988079071,179,26,5,0.9728260869565217,0.8731707317073171,0.9203084832904884
5,Pasture,0.08,0.7099999785423279,178,27,5,0.9726775956284153,0.8682926829268293,0.9175257731958762
5,Pasture,0.08,0.7200000286102295,178,27,4,0.978021978021978,0.8682926829268293,0.9198966408268734
5,Pasture,0.08,0.7300000190734863,178,27,4,0.978021978021978,0.8682926829268293,0.9198966408268734
5,Pasture,0.08,0.7400000095367432,178,27,4,0.978021978021978,0.8682926829268293,0.9198966408268734
5,Pasture,0.08,0.75,178,27,4,0.978021978021978,0.8682926829268293,0.9198966408268734
5,Pasture,0.08,0.7599999904632568,178,27,4,0.978021978021978,0.8682926829268293,0.9198966408268734
5,Pasture,0.08,0.7699999809265137,178,27,4,0.978021978021978,0.8682926829268293,0.9198966408268734
5,Pasture,0.08,0.7799999713897705,177,28,3,0.9833333333333333,0.8634146341463415,0.9194805194805195
5,Pasture,0.08,0.7900000214576721,177,28,3,0.9833333333333333,0.8634146341463415,0.9194805194805195
5,Pasture,0.08,0.800000011920929,177,28,3,0.9833333333333333,0.8634146341463415,0.9194805194805195
5,Pasture,0.08,0.8100000023841858,177,28,3,0.9833333333333333,0.8634146341463415,0.9194805194805195
5,Pasture,0.08,0.8199999928474426,176,29,3,0.9832402234636871,0.8585365853658536,0.9166666666666666
5,Pasture,0.08,0.8299999833106995,176,29,2,0.9887640449438202,0.8585365853658536,0.9190600522193212
5,Pasture,0.08,0.8399999737739563,176,29,2,0.9887640449438202,0.8585365853658536,0.9190600522193212
5,Pasture,0.08,0.8500000238418579,176,29,2,0.9887640449438202,0.8585365853658536,0.9190600522193212
5,Pasture,0.08,0.8600000143051147,173,32,2,0.9885714285714285,0.8439024390243902,0.9105263157894737
5,Pasture,0.08,0.8700000047683716,172,33,2,0.9885057471264368,0.8390243902439024,0.9076517150395779
5,Pasture,0.08,0.8799999952316284,171,34,2,0.9884393063583815,0.8341463414634146,0.9047619047619048
5,Pasture,0.08,0.8899999856948853,171,34,2,0.9884393063583815,0.8341463414634146,0.9047619047619048
5,Pasture,0.08,0.8999999761581421,169,36,2,0.9883040935672515,0.824390243902439,0.898936170212766
5,Pasture,0.08,0.9100000262260437,168,37,2,0.9882352941176471,0.8195121951219512,0.896
5,Pasture,0.08,0.9200000166893005,167,38,2,0.9881656804733728,0.8146341463414634,0.893048128342246
5,Pasture,0.08,0.9300000071525574,166,39,2,0.9880952380952381,0.8097560975609757,0.8900804289544236
5,Pasture,0.08,0.9399999976158142,165,40,2,0.9880239520958084,0.8048780487804879,0.8870967741935484
5,Pasture,0.08,0.949999988079071,165,40,2,0.9880239520958084,0.8048780487804879,0.8870967741935484
5,Pasture,0.08,0.9599999785423279,165,40,1,0.9939759036144579,0.8048780487804879,0.889487870619946
5,Pasture,0.08,0.9700000286102295,157,48,1,0.9936708860759493,0.7658536585365854,0.8650137741046832
5,Pasture,0.08,0.9800000190734863,149,56,1,0.9933333333333333,0.7268292682926829,0.8394366197183099
5,Pasture,0.08,0.9900000095367432,138,67,0,1.0,0.6731707317073171,0.8046647230320699
5,Pasture,0.08,1.0,0,205,0,0.0,0.0,0.0
6,PermanentCrop,0.1,0.0,266,0,2434,0.09851851851851852,1.0,0.17936614969656103
6,PermanentCrop,0.1,0.009999999776482582,264,2,279,0.4861878453038674,0.9924812030075187,0.6526576019777504
6,PermanentCrop,0.1,0.019999999552965164,264,2,208,0.559322033898305,0.9924812030075187,0.7154471544715447
6,PermanentCrop,0.1,0.029999999329447746,264,2,173,0.6041189931350115,0.9924812030075187,0.7510668563300142
6,PermanentCrop,0.1,0.03999999910593033,263,3,152,0.6337349397590362,0.9887218045112782,0.7723935389133627
6,PermanentCrop,0.1,0.05000000074505806,263,3,131,0.6675126903553299,0.9887218045112782,0.796969696969697
6,PermanentCrop,0.1,0.05999999865889549,263,3,125,0.6778350515463918,0.9887218045112782,0.8042813455657493
6,PermanentCrop,0.1,0.07000000029802322,262,4,113,0.6986666666666667,0.9849624060150376,0.8174726989079563
6,PermanentCrop,0.1,0.07999999821186066,262,4,107,0.7100271002710027,0.9849624060150376,0.8251968503937008
6,PermanentCrop,0.1,0.09000000357627869,261,5,102,0.71900826446281,0.981203007518797,0.8298887122416534
6,PermanentCrop,0.1,0.10000000149011612,261,5,92,0.7393767705382436,0.981203007518797,0.8432956381260097
6,PermanentCrop,0.1,0.10999999940395355,261,5,84,0.7565217391304347,0.981203007518797,0.8543371522094927
6,PermanentCrop,0.1,0.11999999731779099,261,5,80,0.7653958944281525,0.981203007518797,0.8599670510708401
6,PermanentCrop,0.1,0.12999999523162842,259,7,73,0.7801204819277109,0.9736842105263158,0.8662207357859532
6,PermanentCrop,0.1,0.14000000059604645,259,7,73,0.7801204819277109,0.9736842105263158,0.8662207357859532
6,PermanentCrop,0.1,0.15000000596046448,259,7,70,0.7872340425531915,0.9736842105263158,0.8705882352941177
6,PermanentCrop,0.1,0.1599999964237213,259,7,68,0.7920489296636085,0.9736842105263158,0.8735244519392917
6,PermanentCrop,0.1,0.17000000178813934,259,7,63,0.8043478260869565,0.9736842105263158,0.8809523809523809
6,PermanentCrop,0.1,0.18000000715255737,258,8,57,0.819047619047619,0.9699248120300752,0.8881239242685026
6,PermanentCrop,0.1,0.1899999976158142,258,8,54,0.8269230769230769,0.9699248120300752,0.8927335640138409
6,PermanentCrop,0.1,0.20000000298023224,258,8,52,0.832258064516129,0.9699248120300752,0.8958333333333334
6,PermanentCrop,0.1,0.20999999344348907,258,8,49,0.8403908794788274,0.9699248120300752,0.900523560209424
6,PermanentCrop,0.1,0.2199999988079071,257,9,47,0.8453947368421053,0.9661654135338346,0.9017543859649123
6,PermanentCrop,0.1,0.23000000417232513,257,9,45,0.8509933774834437,0.9661654135338346,0.9049295774647887
6,PermanentCrop,0.1,0.23999999463558197,257,9,44,0.8538205980066446,0.9661654135338346,0.9065255731922398
6,PermanentCrop,0.1,0.25,255,11,41,0.8614864864864865,0.9586466165413534,0.9074733096085409
6,PermanentCrop,0.1,0.25999999046325684,254,12,40,0.8639455782312925,0.9548872180451128,0.9071428571428571
6,PermanentCrop,0.1,0.27000001072883606,254,12,37,0.872852233676976,0.9548872180451128,0.9120287253141831
6,PermanentCrop,0.1,0.2800000011920929,254,12,37,0.872852233676976,0.9548872180451128,0.9120287253141831
6,PermanentCrop,0.1,0.28999999165534973,253,13,36,0.8754325259515571,0.9511278195488722,0.9117117117117117
6,PermanentCrop,0.1,0.30000001192092896,253,13,34,0.8815331010452961,0.9511278195488722,0.9150090415913201
6,PermanentCrop,0.1,0.3100000023841858,252,14,34,0.8811188811188811,0.9473684210526315,0.9130434782608695
6,PermanentCrop,0.1,0.3199999928474426,252,14,33,0.8842105263157894,0.9473684210526315,0.9147005444646098
6,PermanentCrop,0.1,0.33000001311302185,252,14,33,0.8842105263157894,0.9473684210526315,0.9147005444646098
6,PermanentCrop,0.1,0.3400000035762787,251,15,32,0.8869257950530035,0.943609022556391,0.9143897996357013
6,PermanentCrop,0.1,0.3499999940395355,251,15,30,0.8932384341637011,0.943609022556391,0.9177330895795247
6,PermanentCrop,0.1,0.36000001430511475,251,15,30,0.8932384341637011,0.943609022556391,0.9177330895795247
6,PermanentCrop,0.1,0.3700000047683716,251,15,30,0.8932384341637011,0.943609022556391,0.9177330895795247
6,PermanentCrop,0.1,0.3799999952316284,251,15,30,0.8932384341637011,0.943609022556391,0.9177330895795247
6,PermanentCrop,0.1,0.38999998569488525,251,15,29,0.8964285714285715,0.943609022556391,0.9194139194139194
6,PermanentCrop,0.1,0.4000000059604645,250,16,28,0.8992805755395683,0.9398496240601504,0.9191176470588235
6,PermanentCrop,0.1,0.4099999964237213,250,16,27,0.9025270758122743,0.9398496240601504,0.9208103130755064
6,PermanentCrop,0.1,0.41999998688697815,250,16,27,0.9025270758122743,0.9398496240601504,0.9208103130755064
6,PermanentCrop,0.1,0.4300000071525574,250,16,27,0.9025270758122743,0.9398496240601504,0.9208103130755064
6,PermanentCrop,0.1,0.4399999976158142,250,16,24,0.9124087591240876,0.9398496240601504,0.9259259259259259
6,PermanentCrop,0.1,0.44999998807907104,249,17,23,0.9154411764705882,0.9360902255639098,0.9256505576208178
6,PermanentCrop,0.1,0.46000000834465027,248,18,22,0.9185185185185185,0.9323308270676691,0.9253731343283582
6,PermanentCrop,0.1,0.4699999988079071,248,18,22,0.9185185185185185,0.9323308270676691,0.9253731343283582
6,PermanentCrop,0.1,0.47999998927116394,248,18,22,0.9185185185185185,0.9323308270676691,0.9253731343283582
6,PermanentCrop,0.1,0.49000000953674316,248,18,20,0.9253731343283582,0.9323308270676691,0.9288389513108615
6,PermanentCrop,0.1,0.5,247,19,20,0.9250936329588015,0.9285714285714286,0.926829268292683
6,PermanentCrop,0.1,0.5099999904632568,247,19,20,0.9250936329588015,0.9285714285714286,0.926829268292683
6,PermanentCrop,0.1,0.5199999809265137,247,19,19,0.9285714285714286,0.9285714285714286,0.9285714285714286
6,PermanentCrop,0.1,0.5299999713897705,247,19,19,0.9285714285714286,0.9285714285714286,0.9285714285714286
6,PermanentCrop,0.1,0.5400000214576721,247,19,18,0.9320754716981132,0.9285714285714286,0.9303201506591338
6,PermanentCrop,0.1,0.550000011920929,247,19,18,0.9320754716981132,0.9285714285714286,0.9303201506591338
6,PermanentCrop,0.1,0.5600000023841858,247,19,18,0.9320754716981132,0.9285714285714286,0.9303201506591338
6,PermanentCrop,0.1,0.5699999928474426,247,19,16,0.9391634980988594,0.9285714285714286,0.9338374291115312
6,PermanentCrop,0.1,0.5799999833106995,247,19,15,0.9427480916030534,0.9285714285714286,0.9356060606060606
6,PermanentCrop,0.1,0.5899999737739563,247,19,15,0.9427480916030534,0.9285714285714286,0.9356060606060606
6,PermanentCrop,0.1,0.6000000238418579,246,20,15,0.9425287356321839,0.924812030075188,0.9335863377609108
6,PermanentCrop,0.1,0.6100000143051147,245,21,15,0.9423076923076923,0.9210526315789473,0.9315589353612167
6,PermanentCrop,0.1,0.6200000047683716,244,22,14,0.9457364341085271,0.9172932330827067,0.9312977099236641
6,PermanentCrop,0.1,0.6299999952316284,244,22,13,0.9494163424124513,0.9172932330827067,0.9330783938814532
6,PermanentCrop,0.1,0.6399999856948853,243,23,12,0.9529411764705882,0.9135338345864662,0.9328214971209213
6,PermanentCrop,0.1,0.6499999761581421,242,24,12,0.952755905511811,0.9097744360902256,0.9307692307692308
6,PermanentCrop,0.1,0.6600000262260437,240,26,12,0.9523809523809523,0.9022556390977443,0.9266409266409267
6,PermanentCrop,0.1,0.6700000166893005,240,26,12,0.9523809523809523,0.9022556390977443,0.9266409266409267
6,PermanentCrop,0.1,0.6800000071525574,240,26,12,0.9523809523809523,0.9022556390977443,0.9266409266409267
6,PermanentCrop,0.1,0.6899999976158142,240,26,11,0.9561752988047809,0.9022556390977443,0.9284332688588007
6,PermanentCrop,0.1,0.699999988079071,240,26,11,0.9561752988047809,0.9022556390977443,0.9284332688588007
6,PermanentCrop,0.1,0.7099999785423279,239,27,11,0.956,0.8984962406015038,0.9263565891472868
6,PermanentCrop,0.1,0.7200000286102295,239,27,11,0.956,0.8984962406015038,0.9263565891472868
6,PermanentCrop,0.1,0.7300000190734863,239,27,11,0.956,0.8984962406015038,0.9263565891472868
6,PermanentCrop,0.1,0.7400000095367432,238,28,11,0.9558232931726908,0.8947368421052632,0.9242718446601942
6,PermanentCrop,0.1,0.75,238,28,11,0.9558232931726908,0.8947368421052632,0.9242718446601942
6,PermanentCrop,0.1,0.7599999904632568,238,28,9,0.9635627530364372,0.8947368421052632,0.9278752436647173
6,PermanentCrop,0.1,0.7699999809265137,238,28,9,0.9635627530364372,0.8947368421052632,0.9278752436647173
6,PermanentCrop,0.1,0.7799999713897705,237,29,8,0.9673469387755103,0.8909774436090225,0.9275929549902152
6,PermanentCrop,0.1,0.7900000214576721,235,31,7,0.9710743801652892,0.8834586466165414,0.9251968503937008
6,PermanentCrop,0.1,0.800000011920929,233,33,7,0.9708333333333333,0.8759398496240601,0.9209486166007905
6,PermanentCrop,0.1,0.8100000023841858,231,35,7,0.9705882352941176,0.868421052631579,0.9166666666666666
6,PermanentCrop,0.1,0.8199999928474426,229,37,7,0.9703389830508474,0.8609022556390977,0.9123505976095617
6,PermanentCrop,0.1,0.8299999833106995,229,37,7,0.9703389830508474,0.8609022556390977,0.9123505976095617
6,PermanentCrop,0.1,0.8399999737739563,227,39,7,0.9700854700854701,0.8533834586466166,0.908
6,PermanentCrop,0.1,0.8500000238418579,225,41,6,0.974025974025974,0.8458646616541353,0.9054325955734407
6,PermanentCrop,0.1,0.8600000143051147,225,41,6,0.974025974025974,0.8458646616541353,0.9054325955734407
6,PermanentCrop,0.1,0.8700000047683716,221,45,6,0.973568281938326,0.8308270676691729,0.896551724137931
6,PermanentCrop,0.1,0.8799999952316284,221,45,4,0.9822222222222222,0.8308270676691729,0.90020366598778
6,PermanentCrop,0.1,0.8899999856948853,220,46,4,0.9821428571428571,0.8270676691729323,0.8979591836734694
6,PermanentCrop,0.1,0.8999999761581421,220,46,4,0.9821428571428571,0.8270676691729323,0.8979591836734694
6,PermanentCrop,0.1,0.9100000262260437,215,51,4,0.9817351598173516,0.8082706766917294,0.8865979381443299
6,PermanentCrop,0.1,0.9200000166893005,212,54,3,0.986046511627907,0.7969924812030075,0.8814968814968815
6,PermanentCrop,0.1,0.9300000071525574,211,55,3,0.985981308411215,0.793233082706767,0.8791666666666667
6,PermanentCrop,0.1,0.9399999976158142,208,58,3,0.985781990521327,0.7819548872180451,0.8721174004192872
6,PermanentCrop,0.1,0.949999988079071,204,62,3,0.9855072463768116,0.7669172932330827,0.8625792811839323
6,PermanentCrop,0.1,0.9599999785423279,199,67,1,0.995,0.7481203007518797,0.8540772532188842
6,PermanentCrop,0.1,0.9700000286102295,194,72,1,0.9948717948717949,0.7293233082706767,0.841648590021692
6,PermanentCrop,0.1,0.9800000190734863,182,84,1,0.994535519125683,0.6842105263157895,0.8106904231625836
6,PermanentCrop,0.1,0.9900000095367432,158,108,1,0.9937106918238994,0.5939849624060151,0.7435294117647059
6,PermanentCrop,0.1,1.0,0,266,0,0.0,0.0,0.0
7,Residential,0.11,0.0,284,0,2416,0.10518518518518519,1.0,0.1903485254691689
7,Residential,0.11,0.009999999776482582,284,0,18,0.9403973509933775,1.0,0.9692832764505119
7,Residential,0.11,0.019999999552965164,283,1,13,0.956081081081081,0.9964788732394366,0.9758620689655172
7,Residential,0.11,0.029999999329447746,283,1,13,0.956081081081081,0.9964788732394366,0.9758620689655172
7,Residential,0.11,0.03999999910593033,283,1,11,0.9625850340136054,0.9964788732394366,0.9792387543252595
7,Residential,0.11,0.05000000074505806,283,1,10,0.9658703071672355,0.9964788732394366,0.9809358752166378
7,Residential,0.11,0.05999999865889549,282,2,8,0.9724137931034482,0.9929577464788732,0.9825783972125436
7,Residential,0.11,0.07000000029802322,282,2,8,0.9724137931034482,0.9929577464788732,0.9825783972125436
7,Residential,0.11,0.07999999821186066,282,2,8,0.9724137931034482,0.9929577464788732,0.9825783972125436
7,Residential,0.11,0.09000000357627869,282,2,8,0.9724137931034482,0.9929577464788732,0.9825783972125436
7,Residential,0.11,0.10000000149011612,282,2,7,0.9757785467128027,0.9929577464788732,0.9842931937172775
7,Residential,0.11,0.10999999940395355,282,2,6,0.9791666666666666,0.9929577464788732,0.986013986013986
7,Residential,0.11,0.11999999731779099,282,2,5,0.9825783972125436,0.9929577464788732,0.9877408056042032
7,Residential,0.11,0.12999999523162842,282,2,5,0.9825783972125436,0.9929577464788732,0.9877408056042032
7,Residential,0.11,0.14000000059604645,282,2,5,0.9825783972125436,0.9929577464788732,0.9877408056042032
7,Residential,0.11,0.15000000596046448,282,2,5,0.9825783972125436,0.9929577464788732,0.9877408056042032
7,Residential,0.11,0.1599999964237213,282,2,5,0.9825783972125436,0.9929577464788732,0.9877408056042032
7,Residential,0.11,0.17000000178813934,282,2,5,0.9825783972125436,0.9929577464788732,0.9877408056042032
7,Residential,0.11,0.18000000715255737,282,2,5,0.9825783972125436,0.9929577464788732,0.9877408056042032
7,Residential,0.11,0.1899999976158142,282,2,5,0.9825783972125436,0.9929577464788732,0.9877408056042032
7,Residential,0.11,0.20000000298023224,281,3,4,0.9859649122807017,0.9894366197183099,0.9876977152899824
7,Residential,0.11,0.20999999344348907,281,3,4,0.9859649122807017,0.9894366197183099,0.9876977152899824
7,Residential,0.11,0.2199999988079071,281,3,4,0.9859649122807017,0.9894366197183099,0.9876977152899824
7,Residential,0.11,0.23000000417232513,281,3,4,0.9859649122807017,0.9894366197183099,0.9876977152899824
7,Residential,0.11,0.23999999463558197,281,3,4,0.9859649122807017,0.9894366197183099,0.9876977152899824
7,Residential,0.11,0.25,281,3,4,0.9859649122807017,0.9894366197183099,0.9876977152899824
7,Residential,0.11,0.25999999046325684,281,3,4,0.9859649122807017,0.9894366197183099,0.9876977152899824
7,Residential,0.11,0.27000001072883606,281,3,4,0.9859649122807017,0.9894366197183099,0.9876977152899824
7,Residential,0.11,0.2800000011920929,281,3,4,0.9859649122807017,0.9894366197183099,0.9876977152899824
7,Residential,0.11,0.28999999165534973,281,3,4,0.9859649122807017,0.9894366197183099,0.9876977152899824
7,Residential,0.11,0.30000001192092896,281,3,4,0.9859649122807017,0.9894366197183099,0.9876977152899824
7,Residential,0.11,0.3100000023841858,281,3,4,0.9859649122807017,0.9894366197183099,0.9876977152899824
7,Residential,0.11,0.3199999928474426,281,3,4,0.9859649122807017,0.9894366197183099,0.9876977152899824
7,Residential,0.11,0.33000001311302185,281,3,4,0.9859649122807017,0.9894366197183099,0.9876977152899824
7,Residential,0.11,0.3400000035762787,281,3,4,0.9859649122807017,0.9894366197183099,0.9876977152899824
7,Residential,0.11,0.3499999940395355,281,3,4,0.9859649122807017,0.9894366197183099,0.9876977152899824
7,Residential,0.11,0.36000001430511475,281,3,4,0.9859649122807017,0.9894366197183099,0.9876977152899824
7,Residential,0.11,0.3700000047683716,281,3,4,0.9859649122807017,0.9894366197183099,0.9876977152899824
7,Residential,0.11,0.3799999952316284,281,3,4,0.9859649122807017,0.9894366197183099,0.9876977152899824
7,Residential,0.11,0.38999998569488525,281,3,4,0.9859649122807017,0.9894366197183099,0.9876977152899824
7,Residential,0.11,0.4000000059604645,281,3,4,0.9859649122807017,0.9894366197183099,0.9876977152899824
7,Residential,0.11,0.4099999964237213,281,3,4,0.9859649122807017,0.9894366197183099,0.9876977152899824
7,Residential,0.11,0.41999998688697815,280,4,4,0.9859154929577465,0.9859154929577465,0.9859154929577465
7,Residential,0.11,0.4300000071525574,280,4,4,0.9859154929577465,0.9859154929577465,0.9859154929577465
7,Residential,0.11,0.4399999976158142,280,4,4,0.9859154929577465,0.9859154929577465,0.9859154929577465
7,Residential,0.11,0.44999998807907104,280,4,3,0.9893992932862191,0.9859154929577465,0.9876543209876543
7,Residential,0.11,0.46000000834465027,280,4,3,0.9893992932862191,0.9859154929577465,0.9876543209876543
7,Residential,0.11,0.4699999988079071,280,4,3,0.9893992932862191,0.9859154929577465,0.9876543209876543
7,Residential,0.11,0.47999998927116394,280,4,3,0.9893992932862191,0.9859154929577465,0.9876543209876543
7,Residential,0.11,0.49000000953674316,280,4,3,0.9893992932862191,0.9859154929577465,0.9876543209876543
7,Residential,0.11,0.5,280,4,3,0.9893992932862191,0.9859154929577465,0.9876543209876543
7,Residential,0.11,0.5099999904632568,280,4,3,0.9893992932862191,0.9859154929577465,0.9876543209876543
7,Residential,0.11,0.5199999809265137,280,4,3,0.9893992932862191,0.9859154929577465,0.9876543209876543
7,Residential,0.11,0.5299999713897705,280,4,3,0.9893992932862191,0.9859154929577465,0.9876543209876543
7,Residential,0.11,0.5400000214576721,280,4,3,0.9893992932862191,0.9859154929577465,0.9876543209876543
7,Residential,0.11,0.550000011920929,280,4,3,0.9893992932862191,0.9859154929577465,0.9876543209876543
7,Residential,0.11,0.5600000023841858,280,4,3,0.9893992932862191,0.9859154929577465,0.9876543209876543
7,Residential,0.11,0.5699999928474426,280,4,3,0.9893992932862191,0.9859154929577465,0.9876543209876543
7,Residential,0.11,0.5799999833106995,280,4,3,0.9893992932862191,0.9859154929577465,0.9876543209876543
7,Residential,0.11,0.5899999737739563,280,4,2,0.9929078014184397,0.9859154929577465,0.9893992932862191
7,Residential,0.11,0.6000000238418579,280,4,2,0.9929078014184397,0.9859154929577465,0.9893992932862191
7,Residential,0.11,0.6100000143051147,280,4,2,0.9929078014184397,0.9859154929577465,0.9893992932862191
7,Residential,0.11,0.6200000047683716,280,4,2,0.9929078014184397,0.9859154929577465,0.9893992932862191
7,Residential,0.11,0.6299999952316284,280,4,2,0.9929078014184397,0.9859154929577465,0.9893992932862191
7,Residential,0.11,0.6399999856948853,280,4,2,0.9929078014184397,0.9859154929577465,0.9893992932862191
7,Residential,0.11,0.6499999761581421,280,4,2,0.9929078014184397,0.9859154929577465,0.9893992932862191
7,Residential,0.11,0.6600000262260437,280,4,2,0.9929078014184397,0.9859154929577465,0.9893992932862191
7,Residential,0.11,0.6700000166893005,280,4,2,0.9929078014184397,0.9859154929577465,0.9893992932862191
7,Residential,0.11,0.6800000071525574,279,5,2,0.9928825622775801,0.9823943661971831,0.9876106194690265
7,Residential,0.11,0.6899999976158142,278,6,2,0.9928571428571429,0.9788732394366197,0.9858156028368794
7,Residential,0.11,0.699999988079071,278,6,2,0.9928571428571429,0.9788732394366197,0.9858156028368794
7,Residential,0.11,0.7099999785423279,278,6,1,0.996415770609319,0.9788732394366197,0.9875666074600356
7,Residential,0.11,0.7200000286102295,278,6,1,0.996415770609319,0.9788732394366197,0.9875666074600356
7,Residential,0.11,0.7300000190734863,278,6,1,0.996415770609319,0.9788732394366197,0.9875666074600356
7,Residential,0.11,0.7400000095367432,278,6,1,0.996415770609319,0.9788732394366197,0.9875666074600356
7,Residential,0.11,0.75,277,7,1,0.9964028776978417,0.9753521126760564,0.9857651245551602
7,Residential,0.11,0.7599999904632568,277,7,1,0.9964028776978417,0.9753521126760564,0.9857651245551602
7,Residential,0.11,0.7699999809265137,277,7,1,0.9964028776978417,0.9753521126760564,0.9857651245551602
7,Residential,0.11,0.7799999713897705,277,7,1,0.9964028776978417,0.9753521126760564,0.9857651245551602
7,Residential,0.11,0.7900000214576721,277,7,1,0.9964028776978417,0.9753521126760564,0.9857651245551602
7,Residential,0.11,0.800000011920929,277,7,1,0.9964028776978417,0.9753521126760564,0.9857651245551602
7,Residential,0.11,0.8100000023841858,277,7,1,0.9964028776978417,0.9753521126760564,0.9857651245551602
7,Residential,0.11,0.8199999928474426,277,7,1,0.9964028776978417,0.9753521126760564,0.9857651245551602
7,Residential,0.11,0.8299999833106995,277,7,1,0.9964028776978417,0.9753521126760564,0.9857651245551602
7,Residential,0.11,0.8399999737739563,277,7,1,0.9964028776978417,0.9753521126760564,0.9857651245551602
7,Residential,0.11,0.8500000238418579,277,7,0,1.0,0.9753521126760564,0.9875222816399287
7,Residential,0.11,0.8600000143051147,277,7,0,1.0,0.9753521126760564,0.9875222816399287
7,Residential,0.11,0.8700000047683716,277,7,0,1.0,0.9753521126760564,0.9875222816399287
7,Residential,0.11,0.8799999952316284,277,7,0,1.0,0.9753521126760564,0.9875222816399287
7,Residential,0.11,0.8899999856948853,277,7,0,1.0,0.9753521126760564,0.9875222816399287
7,Residential,0.11,0.8999999761581421,277,7,0,1.0,0.9753521126760564,0.9875222816399287
7,Residential,0.11,0.9100000262260437,277,7,0,1.0,0.9753521126760564,0.9875222816399287
7,Residential,0.11,0.9200000166893005,275,9,0,1.0,0.9683098591549296,0.9838998211091234
7,Residential,0.11,0.9300000071525574,274,10,0,1.0,0.9647887323943662,0.982078853046595
7,Residential,0.11,0.9399999976158142,274,10,0,1.0,0.9647887323943662,0.982078853046595
7,Residential,0.11,0.949999988079071,272,12,0,1.0,0.9577464788732394,0.9784172661870504
7,Residential,0.11,0.9599999785423279,272,12,0,1.0,0.9577464788732394,0.9784172661870504
7,Residential,0.11,0.9700000286102295,270,14,0,1.0,0.9507042253521126,0.9747292418772563
7,Residential,0.11,0.9800000190734863,266,18,0,1.0,0.9366197183098591,0.9672727272727273
7,Residential,0.11,0.9900000095367432,259,25,0,1.0,0.9119718309859155,0.9539594843462247
7,Residential,0.11,1.0,0,284,0,0.0,0.0,0.0
8,River,0.1,0.0,264,0,2436,0.09777777777777778,1.0,0.17813765182186234
8,River,0.1,0.009999999776482582,264,0,215,0.5511482254697286,1.0,0.7106325706594886
8,River,0.1,0.019999999552965164,264,0,161,0.6211764705882353,1.0,0.7663280116110305
8,River,0.1,0.029999999329447746,263,1,132,0.6658227848101266,0.9962121212121212,0.7981790591805766
8,River,0.1,0.03999999910593033,263,1,110,0.7050938337801609,0.9962121212121212,0.82574568288854
8,River,0.1,0.05000000074505806,263,1,93,0.7387640449438202,0.9962121212121212,0.8483870967741935
8,River,0.1,0.05999999865889549,263,1,86,0.7535816618911175,0.9962121212121212,0.8580750407830342
8,River,0.1,0.07000000029802322,263,1,81,0.7645348837209303,0.9962121212121212,0.8651315789473685
8,River,0.1,0.07999999821186066,262,2,80,0.7660818713450293,0.9924242424242424,0.8646864686468647
8,River,0.1,0.09000000357627869,262,2,78,0.7705882352941177,0.9924242424242424,0.8675496688741722
8,River,0.1,0.10000000149011612,262,2,76,0.7751479289940828,0.9924242424242424,0.8704318936877077
8,River,0.1,0.10999999940395355,262,2,73,0.7820895522388059,0.9924242424242424,0.8747913188647746
8,River,0.1,0.11999999731779099,262,2,71,0.7867867867867868,0.9924242424242424,0.8777219430485762
8,River,0.1,0.12999999523162842,262,2,69,0.7915407854984894,0.9924242424242424,0.880672268907563
8,River,0.1,0.14000000059604645,261,3,69,0.7909090909090909,0.9886363636363636,0.8787878787878788
8,River,0.1,0.15000000596046448,260,4,65,0.8,0.9848484848484849,0.8828522920203735
8,River,0.1,0.1599999964237213,260,4,63,0.804953560371517,0.9848484848484849,0.8858603066439523
8,River,0.1,0.17000000178813934,260,4,61,0.8099688473520249,0.9848484848484849,0.8888888888888888
8,River,0.1,0.18000000715255737,260,4,58,0.8176100628930818,0.9848484848484849,0.8934707903780069
8,River,0.1,0.1899999976158142,260,4,56,0.8227848101265823,0.9848484848484849,0.896551724137931
8,River,0.1,0.20000000298023224,260,4,54,0.8280254777070064,0.9848484848484849,0.8996539792387543
8,River,0.1,0.20999999344348907,260,4,54,0.8280254777070064,0.9848484848484849,0.8996539792387543
8,River,0.1,0.2199999988079071,260,4,52,0.8333333333333334,0.9848484848484849,0.9027777777777778
8,River,0.1,0.23000000417232513,260,4,52,0.8333333333333334,0.9848484848484849,0.9027777777777778
8,River,0.1,0.23999999463558197,260,4,50,0.8387096774193549,0.9848484848484849,0.9059233449477352
8,River,0.1,0.25,259,5,49,0.8409090909090909,0.9810606060606061,0.9055944055944056
8,River,0.1,0.25999999046325684,258,6,48,0.8431372549019608,0.9772727272727273,0.9052631578947369
8,River,0.1,0.27000001072883606,258,6,48,0.8431372549019608,0.9772727272727273,0.9052631578947369
8,River,0.1,0.2800000011920929,258,6,48,0.8431372549019608,0.9772727272727273,0.9052631578947369
8,River,0.1,0.28999999165534973,258,6,48,0.8431372549019608,0.9772727272727273,0.9052631578947369
8,River,0.1,0.30000001192092896,258,6,47,0.8459016393442623,0.9772727272727273,0.9068541300527241
8,River,0.1,0.3100000023841858,258,6,46,0.8486842105263158,0.9772727272727273,0.9084507042253521
8,River,0.1,0.3199999928474426,258,6,46,0.8486842105263158,0.9772727272727273,0.9084507042253521
8,River,0.1,0.33000001311302185,258,6,45,0.8514851485148515,0.9772727272727273,0.91005291005291
8,River,0.1,0.3400000035762787,258,6,44,0.8543046357615894,0.9772727272727273,0.911660777385159
8,River,0.1,0.3499999940395355,258,6,43,0.8571428571428571,0.9772727272727273,0.9132743362831859
8,River,0.1,0.36000001430511475,258,6,43,0.8571428571428571,0.9772727272727273,0.9132743362831859
8,River,0.1,0.3700000047683716,258,6,42,0.86,0.9772727272727273,0.9148936170212766
8,River,0.1,0.3799999952316284,258,6,40,0.8657718120805369,0.9772727272727273,0.9181494661921709
8,River,0.1,0.38999998569488525,258,6,40,0.8657718120805369,0.9772727272727273,0.9181494661921709
8,River,0.1,0.4000000059604645,258,6,40,0.8657718120805369,0.9772727272727273,0.9181494661921709
8,River,0.1,0.4099999964237213,256,8,38,0.8707482993197279,0.9696969696969697,0.9175627240143369
8,River,0.1,0.41999998688697815,256,8,36,0.8767123287671232,0.9696969696969697,0.920863309352518
8,River,0.1,0.4300000071525574,256,8,34,0.8827586206896552,0.9696969696969697,0.924187725631769
8,River,0.1,0.4399999976158142,256,8,33,0.8858131487889274,0.9696969696969697,0.9258589511754068
8,River,0.1,0.44999998807907104,256,8,32,0.8888888888888888,0.9696969696969697,0.927536231884058
8,River,0.1,0.46000000834465027,256,8,32,0.8888888888888888,0.9696969696969697,0.927536231884058
8,River,0.1,0.4699999988079071,256,8,32,0.8888888888888888,0.9696969696969697,0.927536231884058
8,River,0.1,0.47999998927116394,256,8,32,0.8888888888888888,0.9696969696969697,0.927536231884058
8,River,0.1,0.49000000953674316,256,8,32,0.8888888888888888,0.9696969696969697,0.927536231884058
8,River,0.1,0.5,256,8,28,0.9014084507042254,0.9696969696969697,0.9343065693430657
8,River,0.1,0.5099999904632568,256,8,28,0.9014084507042254,0.9696969696969697,0.9343065693430657
8,River,0.1,0.5199999809265137,256,8,27,0.9045936395759717,0.9696969696969697,0.9360146252285192
8,River,0.1,0.5299999713897705,256,8,27,0.9045936395759717,0.9696969696969697,0.9360146252285192
8,River,0.1,0.5400000214576721,256,8,25,0.9110320284697508,0.9696969696969697,0.9394495412844037
8,River,0.1,0.550000011920929,256,8,23,0.9175627240143369,0.9696969696969697,0.9429097605893186
8,River,0.1,0.5600000023841858,256,8,22,0.920863309352518,0.9696969696969697,0.9446494464944649
8,River,0.1,0.5699999928474426,256,8,22,0.920863309352518,0.9696969696969697,0.9446494464944649
8,River,0.1,0.5799999833106995,256,8,21,0.924187725631769,0.9696969696969697,0.9463955637707948
8,River,0.1,0.5899999737739563,255,9,21,0.9239130434782609,0.9659090909090909,0.9444444444444444
8,River,0.1,0.6000000238418579,255,9,21,0.9239130434782609,0.9659090909090909,0.9444444444444444
8,River,0.1,0.6100000143051147,254,10,20,0.927007299270073,0.9621212121212122,0.9442379182156134
8,River,0.1,0.6200000047683716,253,11,20,0.9267399267399268,0.9583333333333334,0.9422718808193669
8,River,0.1,0.6299999952316284,253,11,20,0.9267399267399268,0.9583333333333334,0.9422718808193669
8,River,0.1,0.6399999856948853,253,11,20,0.9267399267399268,0.9583333333333334,0.9422718808193669
8,River,0.1,0.6499999761581421,253,11,20,0.9267399267399268,0.9583333333333334,0.9422718808193669
8,River,0.1,0.6600000262260437,253,11,20,0.9267399267399268,0.9583333333333334,0.9422718808193669
8,River,0.1,0.6700000166893005,252,12,20,0.9264705882352942,0.9545454545454546,0.9402985074626866
8,River,0.1,0.6800000071525574,252,12,20,0.9264705882352942,0.9545454545454546,0.9402985074626866
8,River,0.1,0.6899999976158142,252,12,19,0.9298892988929889,0.9545454545454546,0.9420560747663551
8,River,0.1,0.699999988079071,252,12,19,0.9298892988929889,0.9545454545454546,0.9420560747663551
8,River,0.1,0.7099999785423279,251,13,18,0.9330855018587361,0.9507575757575758,0.9418386491557224
8,River,0.1,0.7200000286102295,250,14,18,0.9328358208955224,0.946969696969697,0.9398496240601504
8,River,0.1,0.7300000190734863,250,14,18,0.9328358208955224,0.946969696969697,0.9398496240601504
8,River,0.1,0.7400000095367432,250,14,18,0.9328358208955224,0.946969696969697,0.9398496240601504
8,River,0.1,0.75,250,14,18,0.9328358208955224,0.946969696969697,0.9398496240601504
8,River,0.1,0.7599999904632568,250,14,17,0.9363295880149812,0.946969696969697,0.9416195856873822
8,River,0.1,0.7699999809265137,250,14,17,0.9363295880149812,0.946969696969697,0.9416195856873822
8,River,0.1,0.7799999713897705,250,14,17,0.9363295880149812,0.946969696969697,0.9416195856873822
8,River,0.1,0.7900000214576721,250,14,16,0.9398496240601504,0.946969696969697,0.9433962264150944
8,River,0.1,0.800000011920929,250,14,16,0.9398496240601504,0.946969696969697,0.9433962264150944
8,River,0.1,0.8100000023841858,250,14,15,0.9433962264150944,0.946969696969697,0.945179584120983
8,River,0.1,0.8199999928474426,250,14,15,0.9433962264150944,0.946969696969697,0.945179584120983
8,River,0.1,0.8299999833106995,250,14,15,0.9433962264150944,0.946969696969697,0.945179584120983
8,River,0.1,0.8399999737739563,250,14,15,0.9433962264150944,0.946969696969697,0.945179584120983
8,River,0.1,0.8500000238418579,250,14,15,0.9433962264150944,0.946969696969697,0.945179584120983
8,River,0.1,0.8600000143051147,249,15,14,0.9467680608365019,0.9431818181818182,0.9449715370018975
8,River,0.1,0.8700000047683716,249,15,13,0.950381679389313,0.9431818181818182,0.9467680608365019
8,River,0.1,0.8799999952316284,249,15,12,0.9540229885057471,0.9431818181818182,0.9485714285714286
8,River,0.1,0.8899999856948853,248,16,12,0.9538461538461539,0.9393939393939394,0.9465648854961832
8,River,0.1,0.8999999761581421,247,17,12,0.9536679536679536,0.9356060606060606,0.9445506692160612
8,River,0.1,0.9100000262260437,246,18,11,0.9571984435797666,0.9318181818181818,0.944337811900192
8,River,0.1,0.9200000166893005,245,19,10,0.9607843137254902,0.928030303030303,0.9441233140655106
8,River,0.1,0.9300000071525574,244,20,8,0.9682539682539683,0.9242424242424242,0.9457364341085271
8,River,0.1,0.9399999976158142,242,22,6,0.9758064516129032,0.9166666666666666,0.9453125
8,River,0.1,0.949999988079071,240,24,6,0.975609756097561,0.9090909090909091,0.9411764705882353
8,River,0.1,0.9599999785423279,239,25,6,0.9755102040816327,0.9053030303030303,0.9390962671905697
8,River,0.1,0.9700000286102295,238,26,5,0.9794238683127572,0.9015151515151515,0.9388560157790927
8,River,0.1,0.9800000190734863,235,29,5,0.9791666666666666,0.8901515151515151,0.9325396825396826
8,River,0.1,0.9900000095367432,224,40,2,0.9911504424778761,0.8484848484848485,0.9142857142857143
8,River,0.1,1.0,0,264,0,0.0,0.0,0.0
9,SeaLake,0.1,0.0,280,0,2420,0.1037037037037037,1.0,0.18791946308724833
9,SeaLake,0.1,0.009999999776482582,278,2,16,0.9455782312925171,0.9928571428571429,0.9686411149825784
9,SeaLake,0.1,0.019999999552965164,277,3,7,0.9753521126760564,0.9892857142857143,0.9822695035460993
9,SeaLake,0.1,0.029999999329447746,277,3,3,0.9892857142857143,0.9892857142857143,0.9892857142857143
9,SeaLake,0.1,0.03999999910593033,275,5,3,0.9892086330935251,0.9821428571428571,0.985663082437276
9,SeaLake,0.1,0.05000000074505806,275,5,3,0.9892086330935251,0.9821428571428571,0.985663082437276
9,SeaLake,0.1,0.05999999865889549,275,5,3,0.9892086330935251,0.9821428571428571,0.985663082437276
9,SeaLake,0.1,0.07000000029802322,274,6,3,0.9891696750902527,0.9785714285714285,0.9838420107719928
9,SeaLake,0.1,0.07999999821186066,274,6,3,0.9891696750902527,0.9785714285714285,0.9838420107719928
9,SeaLake,0.1,0.09000000357627869,274,6,2,0.9927536231884058,0.9785714285714285,0.9856115107913669
9,SeaLake,0.1,0.10000000149011612,273,7,2,0.9927272727272727,0.975,0.9837837837837838
9,SeaLake,0.1,0.10999999940395355,273,7,2,0.9927272727272727,0.975,0.9837837837837838
9,SeaLake,0.1,0.11999999731779099,272,8,2,0.9927007299270073,0.9714285714285714,0.9819494584837545
9,SeaLake,0.1,0.12999999523162842,272,8,2,0.9927007299270073,0.9714285714285714,0.9819494584837545
9,SeaLake,0.1,0.14000000059604645,272,8,2,0.9927007299270073,0.9714285714285714,0.9819494584837545
9,SeaLake,0.1,0.15000000596046448,272,8,2,0.9927007299270073,0.9714285714285714,0.9819494584837545
9,SeaLake,0.1,0.1599999964237213,272,8,2,0.9927007299270073,0.9714285714285714,0.9819494584837545
9,SeaLake,0.1,0.17000000178813934,272,8,2,0.9927007299270073,0.9714285714285714,0.9819494584837545
9,SeaLake,0.1,0.18000000715255737,272,8,2,0.9927007299270073,0.9714285714285714,0.9819494584837545
9,SeaLake,0.1,0.1899999976158142,272,8,2,0.9927007299270073,0.9714285714285714,0.9819494584837545
9,SeaLake,0.1,0.20000000298023224,272,8,2,0.9927007299270073,0.9714285714285714,0.9819494584837545
9,SeaLake,0.1,0.20999999344348907,271,9,2,0.9926739926739927,0.9678571428571429,0.9801084990958409
9,SeaLake,0.1,0.2199999988079071,270,10,2,0.9926470588235294,0.9642857142857143,0.9782608695652174
9,SeaLake,0.1,0.23000000417232513,270,10,1,0.996309963099631,0.9642857142857143,0.9800362976406534
9,SeaLake,0.1,0.23999999463558197,270,10,1,0.996309963099631,0.9642857142857143,0.9800362976406534
9,SeaLake,0.1,0.25,269,11,1,0.9962962962962963,0.9607142857142857,0.9781818181818182
9,SeaLake,0.1,0.25999999046325684,269,11,1,0.9962962962962963,0.9607142857142857,0.9781818181818182
9,SeaLake,0.1,0.27000001072883606,268,12,1,0.9962825278810409,0.9571428571428572,0.97632058287796
9,SeaLake,0.1,0.2800000011920929,268,12,1,0.9962825278810409,0.9571428571428572,0.97632058287796
9,SeaLake,0.1,0.28999999165534973,266,14,1,0.9962546816479401,0.95,0.9725776965265083
9,SeaLake,0.1,0.30000001192092896,266,14,1,0.9962546816479401,0.95,0.9725776965265083
9,SeaLake,0.1,0.3100000023841858,265,15,1,0.9962406015037594,0.9464285714285714,0.9706959706959707
9,SeaLake,0.1,0.3199999928474426,265,15,1,0.9962406015037594,0.9464285714285714,0.9706959706959707
9,SeaLake,0.1,0.33000001311302185,264,16,1,0.9962264150943396,0.9428571428571428,0.9688073394495413
9,SeaLake,0.1,0.3400000035762787,264,16,1,0.9962264150943396,0.9428571428571428,0.9688073394495413
9,SeaLake,0.1,0.3499999940395355,264,16,1,0.9962264150943396,0.9428571428571428,0.9688073394495413
9,SeaLake,0.1,0.36000001430511475,264,16,1,0.9962264150943396,0.9428571428571428,0.9688073394495413
9,SeaLake,0.1,0.3700000047683716,264,16,1,0.9962264150943396,0.9428571428571428,0.9688073394495413
9,SeaLake,0.1,0.3799999952316284,264,16,1,0.9962264150943396,0.9428571428571428,0.9688073394495413
9,SeaLake,0.1,0.38999998569488525,263,17,1,0.9962121212121212,0.9392857142857143,0.9669117647058824
9,SeaLake,0.1,0.4000000059604645,263,17,1,0.9962121212121212,0.9392857142857143,0.9669117647058824
9,SeaLake,0.1,0.4099999964237213,263,17,1,0.9962121212121212,0.9392857142857143,0.9669117647058824
9,SeaLake,0.1,0.41999998688697815,263,17,1,0.9962121212121212,0.9392857142857143,0.9669117647058824
9,SeaLake,0.1,0.4300000071525574,263,17,1,0.9962121212121212,0.9392857142857143,0.9669117647058824
9,SeaLake,0.1,0.4399999976158142,263,17,1,0.9962121212121212,0.9392857142857143,0.9669117647058824
9,SeaLake,0.1,0.44999998807907104,263,17,1,0.9962121212121212,0.9392857142857143,0.9669117647058824
9,SeaLake,0.1,0.46000000834465027,262,18,1,0.9961977186311787,0.9357142857142857,0.9650092081031307
9,SeaLake,0.1,0.4699999988079071,260,20,1,0.9961685823754789,0.9285714285714286,0.9611829944547134
9,SeaLake,0.1,0.47999998927116394,259,21,1,0.9961538461538462,0.925,0.9592592592592593
9,SeaLake,0.1,0.49000000953674316,259,21,1,0.9961538461538462,0.925,0.9592592592592593
9,SeaLake,0.1,0.5,259,21,1,0.9961538461538462,0.925,0.9592592592592593
9,SeaLake,0.1,0.5099999904632568,259,21,1,0.9961538461538462,0.925,0.9592592592592593
9,SeaLake,0.1,0.5199999809265137,259,21,1,0.9961538461538462,0.925,0.9592592592592593
9,SeaLake,0.1,0.5299999713897705,259,21,1,0.9961538461538462,0.925,0.9592592592592593
9,SeaLake,0.1,0.5400000214576721,259,21,1,0.9961538461538462,0.925,0.9592592592592593
9,SeaLake,0.1,0.550000011920929,258,22,1,0.9961389961389961,0.9214285714285714,0.9573283858998145
9,SeaLake,0.1,0.5600000023841858,258,22,1,0.9961389961389961,0.9214285714285714,0.9573283858998145
9,SeaLake,0.1,0.5699999928474426,258,22,1,0.9961389961389961,0.9214285714285714,0.9573283858998145
9,SeaLake,0.1,0.5799999833106995,257,23,1,0.9961240310077519,0.9178571428571428,0.9553903345724907
9,SeaLake,0.1,0.5899999737739563,257,23,1,0.9961240310077519,0.9178571428571428,0.9553903345724907
9,SeaLake,0.1,0.6000000238418579,257,23,1,0.9961240310077519,0.9178571428571428,0.9553903345724907
9,SeaLake,0.1,0.6100000143051147,257,23,1,0.9961240310077519,0.9178571428571428,0.9553903345724907
9,SeaLake,0.1,0.6200000047683716,257,23,1,0.9961240310077519,0.9178571428571428,0.9553903345724907
9,SeaLake,0.1,0.6299999952316284,257,23,1,0.9961240310077519,0.9178571428571428,0.9553903345724907
9,SeaLake,0.1,0.6399999856948853,257,23,1,0.9961240310077519,0.9178571428571428,0.9553903345724907
9,SeaLake,0.1,0.6499999761581421,257,23,1,0.9961240310077519,0.9178571428571428,0.9553903345724907
9,SeaLake,0.1,0.6600000262260437,257,23,1,0.9961240310077519,0.9178571428571428,0.9553903345724907
9,SeaLake,0.1,0.6700000166893005,255,25,1,0.99609375,0.9107142857142857,0.9514925373134329
9,SeaLake,0.1,0.6800000071525574,255,25,1,0.99609375,0.9107142857142857,0.9514925373134329
9,SeaLake,0.1,0.6899999976158142,253,27,1,0.9960629921259843,0.9035714285714286,0.947565543071161
9,SeaLake,0.1,0.699999988079071,253,27,1,0.9960629921259843,0.9035714285714286,0.947565543071161
9,SeaLake,0.1,0.7099999785423279,252,28,1,0.9960474308300395,0.9,0.9455909943714822
9,SeaLake,0.1,0.7200000286102295,252,28,1,0.9960474308300395,0.9,0.9455909943714822
9,SeaLake,0.1,0.7300000190734863,251,29,1,0.996031746031746,0.8964285714285715,0.943609022556391
9,SeaLake,0.1,0.7400000095367432,251,29,1,0.996031746031746,0.8964285714285715,0.943609022556391
9,SeaLake,0.1,0.75,250,30,1,0.9960159362549801,0.8928571428571429,0.9416195856873822
9,SeaLake,0.1,0.7599999904632568,250,30,1,0.9960159362549801,0.8928571428571429,0.9416195856873822
9,SeaLake,0.1,0.7699999809265137,249,31,1,0.996,0.8892857142857142,0.939622641509434
9,SeaLake,0.1,0.7799999713897705,248,32,1,0.9959839357429718,0.8857142857142857,0.9376181474480151
9,SeaLake,0.1,0.7900000214576721,248,32,1,0.9959839357429718,0.8857142857142857,0.9376181474480151
9,SeaLake,0.1,0.800000011920929,248,32,1,0.9959839357429718,0.8857142857142857,0.9376181474480151
9,SeaLake,0.1,0.8100000023841858,248,32,1,0.9959839357429718,0.8857142857142857,0.9376181474480151
9,SeaLake,0.1,0.8199999928474426,248,32,1,0.9959839357429718,0.8857142857142857,0.9376181474480151
9,SeaLake,0.1,0.8299999833106995,248,32,1,0.9959839357429718,0.8857142857142857,0.9376181474480151
9,SeaLake,0.1,0.8399999737739563,248,32,1,0.9959839357429718,0.8857142857142857,0.9376181474480151
9,SeaLake,0.1,0.8500000238418579,248,32,1,0.9959839357429718,0.8857142857142857,0.9376181474480151
9,SeaLake,0.1,0.8600000143051147,246,34,1,0.9959514170040485,0.8785714285714286,0.9335863377609108
9,SeaLake,0.1,0.8700000047683716,246,34,1,0.9959514170040485,0.8785714285714286,0.9335863377609108
9,SeaLake,0.1,0.8799999952316284,243,37,1,0.9959016393442623,0.8678571428571429,0.9274809160305344
9,SeaLake,0.1,0.8899999856948853,242,38,1,0.9958847736625515,0.8642857142857143,0.9254302103250478
9,SeaLake,0.1,0.8999999761581421,241,39,1,0.9958677685950413,0.8607142857142858,0.9233716475095786
9,SeaLake,0.1,0.9100000262260437,241,39,1,0.9958677685950413,0.8607142857142858,0.9233716475095786
9,SeaLake,0.1,0.9200000166893005,240,40,1,0.995850622406639,0.8571428571428571,0.9213051823416507
9,SeaLake,0.1,0.9300000071525574,236,44,0,1.0,0.8428571428571429,0.9147286821705426
9,SeaLake,0.1,0.9399999976158142,234,46,0,1.0,0.8357142857142857,0.9105058365758755
9,SeaLake,0.1,0.949999988079071,228,52,0,1.0,0.8142857142857143,0.8976377952755905
9,SeaLake,0.1,0.9599999785423279,221,59,0,1.0,0.7892857142857143,0.8822355289421158
9,SeaLake,0.1,0.9700000286102295,215,65,0,1.0,0.7678571428571429,0.8686868686868687
9,SeaLake,0.1,0.9800000190734863,202,78,0,1.0,0.7214285714285714,0.8381742738589212
9,SeaLake,0.1,0.9900000095367432,186,94,0,1.0,0.6642857142857143,0.7982832618025751
9,SeaLake,0.1,1.0,0,280,0,0.0,0.0,0.0
